time,altitude,velocity,acceleration
0,0,0,-8.5312
2e-3,0,0,-6.3001
4e-3,0,0,-4.0686
6e-3,0,0,-1.8368
8e-3,0,0,0.39519
0.01,7.9122e-7,7.9143e-4,2.6275
0.012,7.6301e-6,0.0060477,4.8601
0.014,2.9447e-5,0.015769,7.093
0.016,7.5173e-5,0.029957,9.3261
0.018,1.5374e-4,0.048611,11.56
0.02,2.7408e-4,0.071733,13.793
0.022,4.4514e-4,0.099322,16.027
0.024,6.7584e-4,0.13138,18.262
0.026,9.7512e-4,0.1679,20.496
0.028,0.0013519,0.2089,22.731
0.03,0.0018152,0.25436,24.966
0.032,0.0023739,0.3043,27.201
0.034,0.0030369,0.35871,29.437
0.036,0.0038132,0.41758,31.673
0.038,0.0047117,0.48093,33.909
0.04,0.0057414,0.54876,36.146
0.042,0.0069112,0.62105,38.382
0.044,0.00823,0.69782,40.619
0.046,0.0097069,0.77907,42.857
0.048,0.011351,0.86479,45.094
0.05,0.013171,0.95498,47.332
0.052,0.015175,1.0496,49.57
0.054,0.017374,1.1488,51.809
0.056,0.019775,1.2524,54.047
0.058,0.022388,1.3605,56.286
0.06,0.025221,1.4731,58.525
0.062,0.028285,1.5902,60.765
0.064,0.031587,1.7117,63.004
0.066,0.035136,1.8377,65.244
0.068,0.038942,1.9682,67.485
0.07,0.043013,2.1032,69.725
0.072,0.047359,2.2426,71.966
0.074,0.051988,2.3866,74.207
0.076,0.05691,2.535,76.448
0.078,0.062133,2.6879,78.69
0.08,0.067666,2.8453,80.931
0.082,0.073518,3.0072,83.173
0.084,0.079699,3.1735,85.416
0.086,0.086217,3.3444,87.658
0.088,0.093081,3.5197,89.901
0.09,0.1003,3.6995,92.144
0.092,0.10788,3.8838,94.387
0.094,0.11584,4.0726,96.631
0.096,0.12418,4.2659,98.874
0.098,0.13291,4.4636,101.12
0.1,0.14204,4.6659,103.36
0.102,0.15158,4.8726,105.61
0.104,0.16153,5.0838,107.85
0.106,0.17192,5.2995,110.1
0.108,0.18273,5.5197,112.34
0.11,0.194,5.7444,114.59
0.112,0.20572,5.9736,116.83
0.114,0.2179,6.2073,119.08
0.116,0.23055,6.4455,121.32
0.118,0.24368,6.6881,123.57
0.12,0.25731,6.9353,124.63
0.122,0.27143,7.1846,124.51
0.124,0.28605,7.4336,124.38
0.126,0.30116,7.6824,124.26
0.128,0.31678,7.931,124.14
0.13,0.33289,8.1793,124.02
0.132,0.34949,8.4273,123.9
0.134,0.36659,8.6752,123.78
0.136,0.38419,8.9228,123.66
0.138,0.40229,9.1701,123.54
0.14,0.42087,9.4172,123.42
0.142,0.43995,9.6641,123.3
0.144,0.45953,9.9107,123.18
0.146,0.4796,10.157,123.06
0.148,0.50016,10.403,122.93
0.15,0.52121,10.649,122.81
0.152,0.54275,10.895,122.69
0.154,0.56479,11.14,122.57
0.156,0.58731,11.385,122.45
0.158,0.61033,11.63,122.33
0.16,0.63383,11.875,122.21
0.162,0.65783,12.119,122.08
0.164,0.68231,12.364,121.96
0.166,0.70728,12.608,121.84
0.168,0.73274,12.851,121.72
0.17,0.75869,13.095,121.6
0.172,0.78512,13.338,121.47
0.174,0.81204,13.581,121.35
0.176,0.83944,13.824,121.23
0.178,0.86733,14.066,121.11
0.18,0.89571,14.308,120.99
0.182,0.92457,14.55,120.86
0.184,0.95391,14.792,120.74
0.186,0.98373,15.034,120.62
0.188,1.014,15.275,120.5
0.19,1.0448,15.516,120.37
0.192,1.0761,15.757,120.25
0.194,1.1079,15.997,120.13
0.196,1.1401,16.237,120.01
0.198,1.1728,16.477,119.88
0.2,1.206,16.717,119.76
0.202,1.2397,16.957,119.64
0.204,1.2738,17.196,119.52
0.206,1.3085,17.435,119.39
0.208,1.3436,17.674,119.27
0.21,1.3792,17.913,119.25
0.212,1.4152,18.151,119.32
0.214,1.4518,18.39,119.4
0.216,1.4888,18.629,119.47
0.218,1.5263,18.868,119.55
0.22,1.5643,19.107,119.63
0.222,1.6027,19.346,119.7
0.224,1.6416,19.585,119.78
0.226,1.681,19.825,119.85
0.228,1.7209,20.065,119.93
0.23,1.7613,20.305,120
0.232,1.8022,20.545,120.08
0.234,1.8435,20.785,120.16
0.236,1.8853,21.025,120.23
0.238,1.9276,21.266,120.31
0.24,1.9704,21.506,120.38
0.242,2.0136,21.747,120.46
0.244,2.0573,21.988,120.53
0.246,2.1016,22.229,120.61
0.248,2.1463,22.47,120.69
0.25,2.1914,22.712,120.76
0.252,2.2371,22.953,120.84
0.254,2.2833,23.195,120.91
0.256,2.3299,23.437,120.99
0.258,2.377,23.679,121.07
0.26,2.4246,23.921,121.14
0.262,2.4727,24.163,121.22
0.264,2.5213,24.406,121.3
0.266,2.5703,24.648,121.37
0.268,2.6198,24.891,121.45
0.27,2.6699,25.134,121.52
0.272,2.7204,25.377,121.6
0.274,2.7714,25.62,121.68
0.276,2.8229,25.864,121.75
0.278,2.8748,26.107,121.83
0.28,2.9273,26.351,121.91
0.282,2.9802,26.595,121.98
0.284,3.0337,26.839,122.06
0.286,3.0876,27.083,122.13
0.288,3.142,27.327,122.21
0.29,3.1969,27.572,122.29
0.292,3.2523,27.816,122.36
0.294,3.3082,28.061,122.44
0.296,3.3645,28.306,122.52
0.298,3.4214,28.551,122.59
0.3,3.4787,28.796,122.67
0.302,3.5366,29.042,122.74
0.304,3.5949,29.287,122.82
0.306,3.6537,29.533,122.9
0.308,3.713,29.779,122.97
0.31,3.7728,30.024,123.05
0.312,3.8331,30.271,123.12
0.314,3.8939,30.517,123.2
0.316,3.9552,30.763,123.27
0.318,4.017,31.01,123.35
0.32,4.0792,31.257,123.42
0.322,4.142,31.503,123.5
0.324,4.2053,31.75,123.57
0.326,4.269,31.998,123.65
0.328,4.3332,32.245,123.73
0.33,4.398,32.492,123.8
0.332,4.4632,32.74,123.88
0.334,4.5289,32.988,123.95
0.336,4.5952,33.236,124
0.339,4.6954,33.608,124.12
0.3435,4.8479,34.167,124.31
0.35025,5.0814,35.006,124.6
0.36025,5.4377,36.253,125.01
0.37025,5.8065,37.504,125.4
0.38025,6.1878,38.758,125.78
0.39025,6.5816,40.017,126.16
0.40025,6.9881,41.279,126.54
0.41025,7.4072,42.545,126.92
0.42025,7.839,43.815,127.3
0.43025,8.2836,45.088,127.68
0.44025,8.7408,46.366,128.06
0.45025,9.2109,47.647,128.44
0.46025,9.6938,48.932,128.82
0.47025,10.19,50.221,129.21
0.48025,10.698,51.514,129.59
0.49025,11.22,52.81,129.97
0.50025,11.754,54.111,130.35
0.51025,12.302,55.415,130.73
0.52025,12.863,56.723,131.11
0.53025,13.437,58.034,131.49
0.54025,14.023,59.35,131.86
0.55025,14.624,60.669,132.24
0.56025,15.237,61.992,132.62
0.57025,15.863,63.319,133
0.58025,16.503,64.649,133.37
0.59025,17.156,65.984,133.75
0.60025,17.823,67.322,134.11
0.61025,18.503,68.664,134.46
0.62025,19.196,70.009,134.81
0.63025,19.903,71.358,135.16
0.64025,20.623,72.71,135.5
0.65025,21.357,74.065,135.85
0.66025,22.105,75.425,136.2
0.67025,22.866,76.787,136.56
0.68025,23.64,78.154,136.91
0.69025,24.429,79.523,137.26
0.70025,25.231,80.896,137.61
0.71025,26.047,82.273,137.96
0.72025,26.876,83.653,138.3
0.73025,27.72,85.037,138.65
0.74025,28.577,86.424,138.99
0.75025,29.448,87.815,139.34
0.76025,30.334,89.209,139.68
0.77025,31.233,90.606,140.03
0.78025,32.146,92.007,140.37
0.79025,33.073,93.411,140.71
0.80025,34.014,94.819,141.06
0.81025,34.969,96.23,141.4
0.82025,35.939,97.645,141.74
0.83025,36.922,99.063,142.08
0.84025,37.92,100.48,142.42
0.85025,38.932,101.91,142.75
0.86025,39.958,103.34,143.09
0.87025,40.999,104.77,143.43
0.88025,42.053,106.2,143.77
0.89025,43.123,107.64,144.1
0.90025,44.206,109.08,144.35
0.91025,45.304,110.53,144.5
0.92025,46.417,111.97,144.65
0.93025,47.544,113.42,144.81
0.94025,48.685,114.87,144.96
0.95025,49.841,116.32,145.11
0.96025,51.012,117.77,145.27
0.97025,52.197,119.22,145.42
0.98025,53.396,120.68,145.58
0.99025,54.61,122.14,145.73
1.0003,55.839,123.59,145.88
1.0103,57.082,125.05,146.03
1.0203,58.34,126.51,146.17
1.0303,59.612,127.98,146.32
1.0403,60.899,129.44,146.46
1.0503,62.201,130.9,146.6
1.0603,63.517,132.37,146.74
1.0703,64.849,133.84,146.88
1.0803,66.194,135.31,147.02
1.0903,67.555,136.78,147.15
1.1003,68.93,138.25,147.29
1.1103,70.32,139.72,147.43
1.1203,71.724,141.2,147.57
1.1303,73.144,142.68,147.71
1.1403,74.578,144.15,147.85
1.1503,76.027,145.63,147.98
1.1603,77.491,147.11,148.1
1.1703,78.969,148.59,148.22
1.1803,80.462,150.08,148.34
1.1903,81.971,151.56,148.46
1.2003,83.494,153.05,148.46
1.2103,85.031,154.53,148.38
1.2203,86.584,156.01,148.29
1.2303,88.152,157.5,148.2
1.2403,89.734,158.98,148.11
1.2503,91.331,160.46,148.01
1.2603,92.943,161.94,147.92
1.2703,94.57,163.42,147.82
1.2803,96.212,164.9,147.72
1.2903,97.868,166.38,147.61
1.3003,99.539,167.85,147.51
1.3103,101.23,169.33,147.4
1.3203,102.93,170.8,147.29
1.3303,104.64,172.28,147.18
1.3403,106.37,173.75,147.06
1.3503,108.12,175.22,146.94
1.3603,109.88,176.69,146.82
1.3703,111.65,178.16,146.7
1.3803,113.44,179.63,146.57
1.3903,115.24,181.09,146.44
1.4003,117.06,182.56,146.31
1.4103,118.89,184.02,146.18
1.4203,120.74,185.48,146.04
1.4303,122.6,186.94,145.9
1.4403,124.48,188.4,145.75
1.4503,126.37,189.86,145.61
1.4603,128.28,191.31,145.47
1.4703,130.2,192.77,145.33
1.4803,132.13,194.22,145.19
1.4903,134.08,195.67,145.05
1.5003,136.05,197.13,144.85
1.5103,138.02,198.57,144.57
1.5203,140.02,200.02,144.29
1.5303,142.02,201.46,144.01
1.5403,144.05,202.9,143.72
1.5503,146.08,204.34,143.43
1.5603,148.13,205.77,143.14
1.5703,150.2,207.21,142.85
1.5803,152.28,208.63,142.56
1.5903,154.37,210.06,142.26
1.6003,156.48,211.48,141.96
1.6103,158.6,212.9,141.66
1.6203,160.74,214.32,141.36
1.6303,162.89,215.73,141.06
1.6403,165.05,217.14,140.75
1.6503,167.23,218.55,140.44
1.6603,169.42,219.95,140.14
1.6703,171.63,221.35,139.82
1.6803,173.85,222.75,139.51
1.6903,176.08,224.15,139.2
1.7003,178.33,225.54,138.88
1.7103,180.59,226.93,138.55
1.7203,182.87,228.31,138.22
1.7303,185.16,229.7,137.9
1.7403,187.46,231.07,137.57
1.7503,189.78,232.45,137.24
1.7603,192.11,233.82,136.92
1.7703,194.46,235.19,136.6
1.7803,196.82,236.56,136.28
1.7903,199.19,237.92,135.97
1.8003,201.58,239.28,135.54
1.8103,203.98,240.63,134.98
1.8203,206.39,241.98,134.41
1.8303,208.82,243.33,133.85
1.8403,211.26,244.66,133.29
1.8503,213.71,246,132.73
1.8603,216.18,247.32,132.18
1.8703,218.65,248.65,131.64
1.8803,221.15,249.96,131.11
1.8903,223.65,251.27,130.57
1.9003,226.17,252.58,130.04
1.9103,228.71,253.88,129.54
1.9203,231.25,255.17,129.03
1.9303,233.81,256.46,128.53
1.9403,236.38,257.75,128.04
1.9503,238.96,259.03,127.54
1.9603,241.56,260.3,127.05
1.9703,244.17,261.57,126.55
1.9803,246.79,262.84,126.06
1.9903,249.43,264.1,125.57
2.0003,252.07,265.36,125.08
2.0103,254.73,266.61,124.59
2.0203,257.41,267.85,124.1
2.0303,260.09,269.09,123.61
2.0403,262.79,270.33,123.12
2.0503,265.5,271.56,122.63
2.0603,268.22,272.79,122.15
2.0702,270.95,274.01,121.67
2.0802,273.7,275.23,121.18
2.0902,276.46,276.44,120.7
2.1002,279.23,277.64,120.2
2.1102,282.01,278.85,119.68
2.1202,284.81,280.04,119.16
2.1302,287.61,281.23,118.63
2.1402,290.43,282.42,118.11
2.1502,293.26,283.6,117.58
2.1602,296.1,284.78,117.07
2.1702,298.96,285.95,116.56
2.1802,301.82,287.11,116.04
2.1902,304.7,288.27,115.53
2.2002,307.59,289.43,115
2.2102,310.49,290.58,114.48
2.2202,313.4,291.72,113.94
2.2302,316.32,292.86,113.4
2.2402,319.26,294,112.86
2.2502,322.2,295.13,112.31
2.2602,325.16,296.25,111.73
2.2702,328.13,297.36,111.13
2.2802,331.1,298.48,110.54
2.2902,334.1,299.58,109.93
2.3002,337.1,300.68,109.33
2.3102,340.11,301.77,108.72
2.3202,343.13,302.86,108.12
2.3302,346.17,303.94,107.51
2.3402,349.21,305.01,106.9
2.3502,352.27,306.08,106.28
2.3602,355.33,307.14,105.64
2.3702,358.41,308.2,105
2.3802,361.5,309.25,104.35
2.3902,364.59,310.29,103.7
2.4002,367.7,311.33,103.11
2.4102,370.82,312.36,102.62
2.4202,373.95,313.39,102.13
2.4302,377.09,314.41,101.64
2.4402,380.24,315.42,101.15
2.4502,383.4,316.43,100.66
2.4602,386.57,317.44,100.14
2.4702,389.75,318.44,99.621
2.4802,392.93,319.43,99.103
2.4902,396.13,320.43,98.585
2.5002,399.34,321.41,98.068
2.5102,402.56,322.39,97.575
2.5202,405.79,323.37,97.083
2.5302,409.03,324.34,96.592
2.5402,412.28,325.3,96.103
2.5502,415.54,326.26,95.613
2.5602,418.8,327.22,95.088
2.5702,422.08,328.17,94.564
2.5802,425.37,329.11,94.042
2.5902,428.66,330.05,93.523
2.6002,431.97,330.99,93.007
2.6102,435.28,331.92,92.504
2.6202,438.61,332.84,92.006
2.6302,441.94,333.76,91.511
2.6402,445.28,334.68,91.022
2.6502,448.63,335.58,90.419
2.6602,451.99,336.49,89.781
2.6702,455.36,337.38,89.148
2.6802,458.74,338.27,88.519
2.6902,462.13,339.16,87.892
2.7002,465.52,340.04,85.188
2.7102,468.93,340.89,80.601
2.7202,472.34,341.69,76.026
2.7302,475.76,342.45,71.52
2.7402,479.19,343.17,67.028
2.7502,482.62,343.83,62.547
2.7602,486.07,344.46,58.065
2.7702,489.51,345.04,53.595
2.7802,492.97,345.57,49.137
2.7902,496.42,346.07,44.691
2.8002,499.89,346.51,40.258
2.8102,503.35,346.91,35.864
2.8202,506.83,347.27,31.481
2.8302,510.3,347.59,27.106
2.8402,513.78,347.86,22.739
2.8502,517.26,348.09,18.389
2.8602,520.74,348.27,14.006
2.8702,524.22,348.41,9.6296
2.8802,527.71,348.51,5.2596
2.8902,531.19,348.56,0.89646
2.9002,534.68,348.57,-3.4593
2.9102,538.16,348.53,-7.8018
2.9202,541.65,348.45,-12.136
2.9302,545.13,348.33,-16.463
2.9402,548.61,348.17,-20.781
2.9502,552.1,347.96,-25.081
2.9602,555.57,347.71,-29.332
2.9702,559.05,347.42,-33.571
2.9802,562.52,347.08,-37.799
2.9902,565.99,346.71,-42.147
3.0002,569.46,346.29,-49.236
3.0102,572.92,345.79,-49.077
3.0202,576.37,345.3,-48.913
3.0302,579.82,344.82,-48.751
3.0402,583.27,344.33,-48.59
3.0502,586.71,343.84,-48.43
3.0602,590.14,343.36,-48.253
3.0702,593.58,342.88,-48.077
3.0802,597,342.4,-47.901
3.0902,600.42,341.92,-47.726
3.1002,603.84,341.44,-47.55
3.1102,607.25,340.97,-47.337
3.1202,610.66,340.5,-47.103
3.1302,614.06,340.03,-46.871
3.1402,617.46,339.56,-46.642
3.1502,620.85,339.09,-46.416
3.1602,624.24,338.63,-46.2
3.1702,627.63,338.17,-45.987
3.1802,631.01,337.71,-45.777
3.1902,634.38,337.26,-45.571
3.2002,637.75,336.8,-45.368
3.2102,641.12,336.35,-45.202
3.2202,644.48,335.9,-45.038
3.2302,647.83,335.45,-44.877
3.2402,651.19,335,-44.717
3.2502,654.53,334.55,-44.558
3.2602,657.88,334.11,-44.391
3.2702,661.22,333.66,-44.278
3.2802,664.55,333.22,-44.185
3.2902,667.88,332.78,-44.091
3.3002,671.21,332.34,-43.997
3.3102,674.53,331.9,-43.916
3.3202,677.84,331.46,-43.833
3.3302,681.16,331.02,-43.748
3.3402,684.47,330.59,-43.661
3.3502,687.77,330.15,-43.571
3.3602,691.07,329.72,-43.462
3.3702,694.36,329.28,-43.351
3.3802,697.65,328.85,-43.236
3.3902,700.94,328.42,-43.12
3.4002,704.22,327.99,-43
3.4102,707.5,327.56,-42.866
3.4202,710.77,327.13,-42.73
3.4302,714.04,326.7,-42.593
3.4402,717.31,326.28,-42.456
3.4502,720.57,325.85,-42.319
3.4602,723.82,325.43,-42.203
3.4702,727.08,325.01,-42.086
3.4802,730.32,324.59,-41.969
3.4902,733.57,324.17,-41.853
3.5002,736.81,323.75,-41.735
3.5102,740.04,323.34,-41.588
3.5202,743.28,322.92,-41.444
3.5302,746.5,322.51,-41.301
3.5402,749.73,322.09,-41.161
3.5502,752.94,321.68,-41.023
3.5602,756.16,321.27,-40.899
3.5702,759.37,320.87,-40.778
3.5802,762.58,320.46,-40.659
3.5902,765.78,320.05,-40.543
3.6002,768.98,319.65,-40.431
3.6102,772.17,319.24,-40.334
3.6202,775.36,318.84,-40.241
3.6302,778.55,318.44,-40.149
3.6402,781.73,318.04,-40.06
3.6502,784.91,317.64,-39.974
3.6602,788.08,317.24,-39.891
3.6702,791.25,316.84,-39.81
3.6802,794.42,316.44,-39.732
3.6902,797.58,316.05,-39.654
3.7002,800.74,315.65,-39.579
3.7102,803.9,315.25,-39.499
3.7202,807.05,314.86,-39.421
3.7302,810.19,314.47,-39.344
3.7402,813.34,314.07,-39.267
3.7502,816.47,313.68,-39.192
3.7602,819.61,313.29,-39.109
3.7702,822.74,312.9,-39.026
3.7802,825.87,312.51,-38.945
3.7902,828.99,312.12,-38.864
3.8002,832.11,311.73,-38.783
3.8102,835.23,311.34,-38.717
3.8202,838.34,310.96,-38.652
3.8302,841.44,310.57,-38.586
3.8402,844.55,310.18,-38.52
3.8502,847.65,309.8,-38.453
3.8602,850.74,309.42,-38.377
3.8702,853.84,309.03,-38.3
3.8802,856.92,308.65,-38.223
3.8902,860.01,308.27,-38.144
3.9002,863.09,307.89,-38.065
3.9102,866.17,307.51,-37.984
3.9202,869.24,307.13,-37.903
3.9302,872.31,306.75,-37.82
3.9402,875.38,306.37,-37.737
3.9502,878.44,305.99,-37.652
3.9602,881.49,305.62,-37.55
3.9702,884.55,305.24,-37.448
3.9802,887.6,304.87,-37.345
3.9902,890.65,304.5,-37.243
4.0002,893.69,304.12,-37.141
4.0102,896.73,303.75,-37.057
4.0202,899.76,303.38,-36.973
4.0302,902.8,303.01,-36.889
4.0402,905.82,302.64,-36.805
4.0502,908.85,302.28,-36.72
4.0602,911.87,301.91,-36.631
4.0702,914.89,301.54,-36.543
4.0802,917.9,301.18,-36.454
4.0902,920.91,300.82,-36.366
4.1002,923.92,300.45,-36.279
4.1102,926.92,300.09,-36.199
4.1202,929.92,299.73,-36.12
4.1302,932.91,299.37,-36.038
4.1402,935.91,299.01,-35.955
4.1502,938.9,298.65,-35.872
4.1602,941.88,298.29,-35.753
4.1702,944.86,297.93,-35.637
4.1802,947.84,297.58,-35.522
4.1902,950.81,297.22,-35.409
4.2002,953.78,296.87,-35.299
4.2102,956.75,296.52,-35.209
4.2202,959.71,296.17,-35.122
4.2302,962.67,295.81,-35.037
4.2402,965.63,295.46,-34.954
4.2502,968.58,295.12,-34.872
4.2602,971.53,294.77,-34.777
4.2702,974.48,294.42,-34.685
4.2802,977.42,294.07,-34.595
4.2902,980.36,293.73,-34.507
4.3002,983.29,293.38,-34.423
4.3102,986.23,293.04,-34.389
4.3202,989.16,292.7,-34.357
4.3302,992.08,292.35,-34.326
4.3402,995,292.01,-34.297
4.3502,997.92,291.67,-34.268
4.3602,1000.8,291.32,-34.203
4.3702,1003.7,290.98,-34.14
4.3802,1006.7,290.64,-34.077
4.3902,1009.6,290.3,-34.015
4.4002,1012.5,289.96,-33.954
4.4102,1015.4,289.62,-33.913
4.4202,1018.3,289.28,-33.872
4.4302,1021.1,288.94,-33.832
4.4402,1024,288.61,-33.791
4.4502,1026.9,288.27,-33.75
4.4602,1029.8,287.93,-33.714
4.4702,1032.7,287.59,-33.677
4.4802,1035.6,287.26,-33.639
4.4902,1038.4,286.92,-33.599
4.5002,1041.3,286.59,-33.557
4.5102,1044.2,286.25,-33.501
4.5202,1047,285.91,-33.443
4.5302,1049.9,285.58,-33.382
4.5402,1052.7,285.25,-33.318
4.5502,1055.6,284.91,-33.253
4.5602,1058.4,284.58,-33.208
4.5702,1061.3,284.25,-33.16
4.5802,1064.1,283.92,-33.109
4.5902,1066.9,283.59,-33.055
4.6002,1069.8,283.26,-32.997
4.6102,1072.6,282.93,-32.916
4.6202,1075.4,282.6,-32.831
4.6302,1078.3,282.27,-32.745
4.6402,1081.1,281.94,-32.656
4.6502,1083.9,281.62,-32.565
4.6602,1086.7,281.29,-32.465
4.6702,1089.5,280.97,-32.364
4.6802,1092.3,280.65,-32.263
4.6902,1095.1,280.32,-32.162
4.7002,1097.9,280,-32.06
4.7102,1100.7,279.68,-31.975
4.7202,1103.5,279.36,-31.89
4.7302,1106.3,279.04,-31.805
4.7402,1109.1,278.73,-31.72
4.7502,1111.9,278.41,-31.635
4.7602,1114.7,278.09,-31.554
4.7702,1117.5,277.78,-31.474
4.7802,1120.2,277.47,-31.394
4.7902,1123,277.15,-31.314
4.8002,1125.8,276.84,-31.235
4.8102,1128.6,276.53,-31.147
4.8202,1131.3,276.22,-31.061
4.8302,1134.1,275.91,-30.975
4.8402,1136.8,275.6,-30.892
4.8502,1139.6,275.29,-30.809
4.8602,1142.3,274.98,-30.712
4.8702,1145.1,274.67,-30.618
4.8802,1147.8,274.37,-30.527
4.8902,1150.6,274.06,-30.438
4.9002,1153.3,273.76,-30.351
4.9102,1156,273.46,-30.277
4.9202,1158.8,273.15,-30.206
4.9302,1161.5,272.85,-30.136
4.9402,1164.2,272.55,-30.069
4.9502,1167,272.25,-30.005
4.9602,1169.7,271.95,-29.946
4.9702,1172.4,271.65,-29.889
4.9802,1175.1,271.35,-29.835
4.9902,1177.8,271.05,-29.782
5.0002,1180.5,270.76,-29.731
5.0102,1183.2,270.46,-29.657
5.0202,1185.9,270.16,-29.586
5.0302,1188.6,269.87,-29.517
5.0402,1191.3,269.57,-29.451
5.0502,1194,269.28,-29.387
5.0602,1196.7,268.99,-29.343
5.0702,1199.4,268.69,-29.301
5.0802,1202.1,268.4,-29.261
5.0902,1204.8,268.11,-29.223
5.1002,1207.5,267.82,-29.188
5.1102,1210.1,267.52,-29.152
5.1202,1212.8,267.23,-29.117
5.1302,1215.5,266.94,-29.085
5.1402,1218.2,266.65,-29.054
5.1502,1220.8,266.36,-29.025
5.1602,1223.5,266.07,-28.985
5.1702,1226.1,265.78,-28.947
5.1802,1228.8,265.49,-28.91
5.1902,1231.5,265.2,-28.874
5.2002,1234.1,264.91,-28.84
5.2102,1236.8,264.63,-28.831
5.2202,1239.4,264.34,-28.823
5.2302,1242,264.05,-28.816
5.2402,1244.7,263.76,-28.81
5.2502,1247.3,263.47,-28.804
5.2602,1249.9,263.18,-28.801
5.2702,1252.6,262.9,-28.797
5.2802,1255.2,262.61,-28.794
5.2902,1257.8,262.32,-28.791
5.3002,1260.5,262.03,-28.787
5.3102,1263.1,261.75,-28.785
5.3202,1265.7,261.46,-28.781
5.3302,1268.3,261.17,-28.776
5.3402,1270.9,260.88,-28.768
5.3502,1273.5,260.59,-28.758
5.3602,1276.1,260.31,-28.755
5.3702,1278.7,260.02,-28.749
5.3802,1281.3,259.73,-28.739
5.3902,1283.9,259.44,-28.725
5.4002,1286.5,259.16,-28.706
5.4102,1289.1,258.87,-28.658
5.4202,1291.7,258.58,-28.606
5.4302,1294.3,258.3,-28.549
5.4402,1296.9,258.01,-28.488
5.4502,1299.4,257.73,-28.422
5.4602,1302,257.44,-28.315
5.4702,1304.6,257.16,-28.206
5.4802,1307.2,256.88,-28.095
5.4902,1309.7,256.6,-27.984
5.5002,1312.3,256.32,-27.874
5.5102,1314.8,256.04,-27.799
5.5202,1317.4,255.77,-27.723
5.5302,1320,255.49,-27.647
5.5402,1322.5,255.21,-27.569
5.5502,1325.1,254.94,-27.491
5.5602,1327.6,254.66,-27.428
5.5702,1330.2,254.39,-27.364
5.5802,1332.7,254.11,-27.3
5.5902,1335.2,253.84,-27.235
5.6002,1337.8,253.57,-27.169
5.6102,1340.3,253.3,-27.087
5.6202,1342.8,253.03,-27.005
5.6302,1345.4,252.76,-26.924
5.6402,1347.9,252.49,-26.844
5.6502,1350.4,252.22,-26.766
5.6602,1352.9,251.95,-26.684
5.6702,1355.5,251.69,-26.603
5.6802,1358,251.42,-26.524
5.6902,1360.5,251.16,-26.447
5.7002,1363,250.89,-26.372
5.7102,1365.5,250.63,-26.314
5.7202,1368,250.37,-26.257
5.7302,1370.5,250.11,-26.201
5.7402,1373,249.84,-26.147
5.7502,1375.5,249.58,-26.095
5.7602,1378,249.32,-26.042
5.7702,1380.5,249.06,-25.991
5.7802,1383,248.8,-25.942
5.7902,1385.5,248.54,-25.894
5.8002,1388,248.28,-25.847
5.8102,1390.4,248.03,-25.798
5.8202,1392.9,247.77,-25.75
5.8302,1395.4,247.51,-25.704
5.8402,1397.9,247.25,-25.659
5.8502,1400.3,247,-25.616
5.8602,1402.8,246.74,-25.587
5.8702,1405.3,246.49,-25.559
5.8802,1407.7,246.23,-25.533
5.8902,1410.2,245.97,-25.507
5.9002,1412.7,245.72,-25.482
5.9102,1415.1,245.47,-25.448
5.9202,1417.6,245.21,-25.414
5.9302,1420,244.96,-25.381
5.9402,1422.5,244.7,-25.349
5.9502,1424.9,244.45,-25.318
5.9602,1427.4,244.2,-25.291
5.9702,1429.8,243.94,-25.264
5.9802,1432.2,243.69,-25.238
5.9902,1434.7,243.44,-25.213
6.0002,1437.1,243.19,-25.188
6.0102,1439.5,242.94,-25.149
6.0202,1442,242.68,-25.111
6.0302,1444.4,242.43,-25.073
6.0402,1446.8,242.18,-25.036
6.0502,1449.2,241.93,-25
6.0602,1451.6,241.68,-24.976
6.0702,1454.1,241.43,-24.952
6.0802,1456.5,241.18,-24.929
6.0902,1458.9,240.93,-24.906
6.1002,1461.3,240.69,-24.883
6.1102,1463.7,240.44,-24.853
6.1202,1466.1,240.19,-24.822
6.1302,1468.5,239.94,-24.792
6.1402,1470.9,239.69,-24.761
6.1502,1473.3,239.45,-24.731
6.1602,1475.7,239.2,-24.694
6.1702,1478.1,238.95,-24.658
6.1802,1480.5,238.71,-24.622
6.1902,1482.9,238.46,-24.585
6.2002,1485.2,238.21,-24.549
6.2102,1487.6,237.97,-24.535
6.2202,1490,237.72,-24.521
6.2302,1492.4,237.48,-24.507
6.2402,1494.7,237.23,-24.492
6.2502,1497.1,236.99,-24.477
6.2602,1499.5,236.74,-24.457
6.2702,1501.9,236.5,-24.436
6.2802,1504.2,236.25,-24.415
6.2902,1506.6,236.01,-24.392
6.3002,1508.9,235.77,-24.368
6.3102,1511.3,235.52,-24.321
6.3202,1513.7,235.28,-24.273
6.3302,1516,235.04,-24.225
6.3402,1518.4,234.8,-24.176
6.3502,1520.7,234.55,-24.127
6.3602,1523,234.31,-24.087
6.3702,1525.4,234.07,-24.047
6.3802,1527.7,233.83,-24.007
6.3902,1530.1,233.59,-23.965
6.4002,1532.4,233.35,-23.924
6.4102,1534.7,233.11,-23.899
6.4202,1537.1,232.87,-23.873
6.4302,1539.4,232.64,-23.847
6.4402,1541.7,232.4,-23.82
6.4502,1544,232.16,-23.791
6.4602,1546.4,231.92,-23.725
6.4702,1548.7,231.69,-23.66
6.4802,1551,231.45,-23.595
6.4902,1553.3,231.21,-23.531
6.5002,1555.6,230.98,-23.468
6.5102,1557.9,230.74,-23.423
6.5202,1560.2,230.51,-23.379
6.5302,1562.5,230.28,-23.334
6.5402,1564.8,230.04,-23.29
6.5502,1567.1,229.81,-23.246
6.5602,1569.4,229.58,-23.19
6.5702,1571.7,229.35,-23.135
6.5802,1574,229.12,-23.081
6.5902,1576.3,228.89,-23.027
6.6002,1578.6,228.66,-22.975
6.6102,1580.9,228.43,-22.948
6.6202,1583.2,228.2,-22.922
6.6302,1585.4,227.97,-22.896
6.6402,1587.7,227.74,-22.871
6.6502,1590,227.51,-22.846
6.6602,1592.3,227.28,-22.819
6.6702,1594.5,227.05,-22.792
6.6802,1596.8,226.83,-22.765
6.6902,1599.1,226.6,-22.739
6.7002,1601.3,226.37,-22.713
6.7102,1603.6,226.14,-22.687
6.7202,1605.9,225.92,-22.662
6.7302,1608.1,225.69,-22.636
6.7402,1610.4,225.46,-22.611
6.7502,1612.6,225.24,-22.586
6.7602,1614.9,225.01,-22.552
6.7702,1617.1,224.79,-22.519
6.7802,1619.4,224.56,-22.486
6.7902,1621.6,224.34,-22.454
6.8002,1623.9,224.11,-22.422
6.8102,1626.1,223.89,-22.391
6.8202,1628.3,223.67,-22.36
6.8302,1630.6,223.44,-22.33
6.8402,1632.8,223.22,-22.3
6.8502,1635,223,-22.27
6.8602,1637.3,222.77,-22.236
6.8702,1639.5,222.55,-22.202
6.8802,1641.7,222.33,-22.168
6.8902,1643.9,222.11,-22.135
6.9002,1646.2,221.89,-22.102
6.9102,1648.4,221.67,-22.062
6.9202,1650.6,221.45,-22.022
6.9302,1652.8,221.23,-21.984
6.9402,1655,221.01,-21.945
6.9502,1657.2,220.79,-21.907
6.9602,1659.4,220.57,-21.872
6.9702,1661.6,220.35,-21.837
6.9802,1663.8,220.13,-21.803
6.9902,1666,219.91,-21.769
7.0002,1668.2,219.7,-21.736
7.0102,1670.4,219.48,-21.722
7.0202,1672.6,219.26,-21.709
7.0302,1674.8,219.04,-21.696
7.0402,1677,218.83,-21.683
7.0502,1679.2,218.61,-21.67
7.0602,1681.4,218.39,-21.646
7.0702,1683.6,218.18,-21.622
7.0802,1685.8,217.96,-21.599
7.0902,1687.9,217.75,-21.576
7.1002,1690.1,217.53,-21.553
7.1102,1692.3,217.31,-21.544
7.1202,1694.5,217.1,-21.535
7.1302,1696.6,216.88,-21.526
7.1402,1698.8,216.67,-21.517
7.1502,1701,216.45,-21.507
7.1602,1703.1,216.24,-21.459
7.1702,1705.3,216.02,-21.412
7.1802,1707.4,215.81,-21.365
7.1902,1709.6,215.6,-21.319
7.2002,1711.8,215.38,-21.273
7.2102,1713.9,215.17,-21.243
7.2202,1716.1,214.96,-21.212
7.2302,1718.2,214.75,-21.183
7.2402,1720.4,214.54,-21.153
7.2502,1722.5,214.32,-21.123
7.2602,1724.6,214.11,-21.083
7.2702,1726.8,213.9,-21.044
7.2802,1728.9,213.69,-21.005
7.2902,1731.1,213.48,-20.966
7.3002,1733.2,213.27,-20.929
7.3102,1735.3,213.06,-20.914
7.3202,1737.4,212.85,-20.899
7.3302,1739.6,212.65,-20.885
7.3402,1741.7,212.44,-20.871
7.3502,1743.8,212.23,-20.857
7.3602,1745.9,212.02,-20.846
7.3702,1748.1,211.81,-20.835
7.3802,1750.2,211.6,-20.824
7.3902,1752.3,211.39,-20.814
7.4002,1754.4,211.19,-20.803
7.4102,1756.5,210.98,-20.78
7.4202,1758.6,210.77,-20.757
7.4302,1760.7,210.56,-20.734
7.4402,1762.8,210.36,-20.711
7.4502,1764.9,210.15,-20.688
7.4602,1767,209.94,-20.68
7.4702,1769.1,209.74,-20.672
7.4802,1771.2,209.53,-20.664
7.4902,1773.3,209.32,-20.655
7.5002,1775.4,209.12,-20.647
7.5102,1777.5,208.91,-20.638
7.5202,1779.6,208.7,-20.628
7.5302,1781.7,208.5,-20.618
7.5402,1783.8,208.29,-20.608
7.5502,1785.9,208.08,-20.598
7.5602,1787.9,207.88,-20.593
7.5702,1790,207.67,-20.587
7.5802,1792.1,207.47,-20.581
7.5902,1794.2,207.26,-20.574
7.6002,1796.2,207.06,-20.566
7.6102,1798.3,206.85,-20.556
7.6202,1800.4,206.64,-20.545
7.6302,1802.4,206.44,-20.532
7.6402,1804.5,206.23,-20.519
7.6502,1806.6,206.03,-20.505
7.6602,1808.6,205.82,-20.482
7.6702,1810.7,205.62,-20.458
7.6802,1812.7,205.41,-20.433
7.6902,1814.8,205.21,-20.408
7.7002,1816.8,205.01,-20.381
7.7102,1818.9,204.8,-20.357
7.7202,1820.9,204.6,-20.331
7.7302,1823,204.4,-20.305
7.7402,1825,204.19,-20.278
7.7502,1827.1,203.99,-20.25
7.7602,1829.1,203.79,-20.221
7.7702,1831.1,203.59,-20.191
7.7802,1833.2,203.38,-20.16
7.7902,1835.2,203.18,-20.128
7.8002,1837.2,202.98,-20.096
7.8102,1839.3,202.78,-20.07
7.8202,1841.3,202.58,-20.044
7.8302,1843.3,202.38,-20.016
7.8402,1845.3,202.18,-19.988
7.8502,1847.4,201.98,-19.959
7.8602,1849.4,201.78,-19.926
7.8702,1851.4,201.58,-19.892
7.8802,1853.4,201.38,-19.857
7.8902,1855.4,201.18,-19.823
7.9002,1857.4,200.99,-19.788
7.9102,1859.4,200.79,-19.749
7.9202,1861.4,200.59,-19.711
7.9302,1863.5,200.39,-19.673
7.9402,1865.5,200.2,-19.634
7.9502,1867.5,200,-19.596
7.9602,1869.5,199.81,-19.544
7.9702,1871.5,199.61,-19.492
7.9802,1873.4,199.42,-19.442
7.9902,1875.4,199.22,-19.392
8.0002,1877.4,199.03,-19.344
8.0102,1879.4,198.84,-19.319
8.0202,1881.4,198.64,-19.293
8.0302,1883.4,198.45,-19.268
8.0402,1885.4,198.26,-19.243
8.0502,1887.4,198.06,-19.217
8.0602,1889.3,197.87,-19.167
8.0702,1891.3,197.68,-19.118
8.0802,1893.3,197.49,-19.07
8.0902,1895.3,197.3,-19.022
8.1002,1897.2,197.11,-18.976
8.1102,1899.2,196.92,-18.953
8.1202,1901.2,196.73,-18.93
8.1302,1903.1,196.54,-18.907
8.1402,1905.1,196.35,-18.885
8.1502,1907.1,196.16,-18.863
8.1602,1909,195.98,-18.817
8.1702,1911,195.79,-18.772
8.1802,1912.9,195.6,-18.729
8.1902,1914.9,195.41,-18.686
8.2002,1916.9,195.23,-18.644
8.2102,1918.8,195.04,-18.603
8.2202,1920.8,194.85,-18.562
8.2302,1922.7,194.67,-18.523
8.2402,1924.6,194.48,-18.484
8.2502,1926.6,194.3,-18.448
8.2602,1928.5,194.11,-18.437
8.2702,1930.5,193.93,-18.426
8.2802,1932.4,193.75,-18.417
8.2902,1934.4,193.56,-18.408
8.3002,1936.3,193.38,-18.399
8.3102,1938.2,193.19,-18.361
8.3202,1940.1,193.01,-18.325
8.3302,1942.1,192.83,-18.29
8.3402,1944,192.65,-18.256
8.3502,1945.9,192.46,-18.223
8.3602,1947.9,192.28,-18.21
8.3702,1949.8,192.1,-18.197
8.3802,1951.7,191.92,-18.186
8.3902,1953.6,191.73,-18.175
8.4002,1955.5,191.55,-18.165
8.4102,1957.4,191.37,-18.141
8.4202,1959.4,191.19,-18.119
8.4302,1961.3,191.01,-18.097
8.4402,1963.2,190.83,-18.076
8.4502,1965.1,190.65,-18.056
8.4602,1967,190.47,-18.028
8.4702,1968.9,190.29,-18.001
8.4802,1970.8,190.11,-17.975
8.4902,1972.7,189.93,-17.95
8.5002,1974.6,189.75,-17.926
8.5102,1976.5,189.57,-17.936
8.5202,1978.4,189.39,-17.947
8.5302,1980.3,189.21,-17.959
8.5402,1982.2,189.03,-17.971
8.5502,1984.1,188.85,-17.985
8.5602,1985.9,188.67,-17.981
8.5702,1987.8,188.49,-17.978
8.5802,1989.7,188.31,-17.976
8.5902,1991.6,188.13,-17.974
8.6002,1993.5,187.95,-17.973
8.6102,1995.4,187.77,-18
8.6202,1997.2,187.59,-18.028
8.6302,1999.1,187.41,-18.056
8.6402,2001,187.23,-18.085
8.6502,2002.9,187.05,-18.115
8.6602,2004.7,186.87,-18.115
8.6702,2006.6,186.69,-18.116
8.6802,2008.5,186.51,-18.117
8.6902,2010.3,186.32,-18.118
8.7002,2012.2,186.14,-18.119
8.7102,2014,185.96,-18.12
8.7202,2015.9,185.78,-18.122
8.7302,2017.8,185.6,-18.123
8.7402,2019.6,185.42,-18.124
8.7502,2021.5,185.24,-18.124
8.7602,2023.3,185.06,-18.121
8.7702,2025.2,184.88,-18.118
8.7802,2027,184.69,-18.115
8.7902,2028.9,184.51,-18.11
8.8002,2030.7,184.33,-18.106
8.8102,2032.6,184.15,-18.128
8.8202,2034.4,183.97,-18.15
8.8302,2036.2,183.79,-18.172
8.8402,2038.1,183.61,-18.194
8.8502,2039.9,183.42,-18.213
8.8602,2041.7,183.24,-18.209
8.8702,2043.6,183.06,-18.204
8.8802,2045.4,182.88,-18.197
8.8902,2047.2,182.7,-18.188
8.9002,2049.1,182.51,-18.179
8.9102,2050.9,182.33,-18.191
8.9202,2052.7,182.15,-18.201
8.9302,2054.5,181.97,-18.209
8.9402,2056.3,181.79,-18.217
8.9502,2058.2,181.6,-18.222
8.9602,2060,181.42,-18.218
8.9702,2061.8,181.24,-18.212
8.9802,2063.6,181.06,-18.204
8.9902,2065.4,180.88,-18.194
9.0002,2067.2,180.69,-18.183
9.0102,2069,180.51,-18.169
9.0202,2070.8,180.33,-18.154
9.0302,2072.6,180.15,-18.137
9.0402,2074.4,179.97,-18.118
9.0502,2076.2,179.79,-18.097
9.0602,2078,179.61,-18.073
9.0702,2079.8,179.42,-18.047
9.0802,2081.6,179.24,-18.019
9.0902,2083.4,179.06,-17.99
9.1002,2085.2,178.88,-17.959
9.1102,2087,178.71,-17.917
9.1202,2088.8,178.53,-17.873
9.1302,2090.6,178.35,-17.828
9.1402,2092.3,178.17,-17.783
9.1502,2094.1,177.99,-17.737
9.1602,2095.9,177.81,-17.703
9.1702,2097.7,177.64,-17.669
9.1802,2099.4,177.46,-17.634
9.1902,2101.2,177.29,-17.598
9.2002,2103,177.11,-17.562
9.2102,2104.8,176.93,-17.528
9.2202,2106.5,176.76,-17.494
9.2302,2108.3,176.58,-17.459
9.2402,2110.1,176.41,-17.424
9.2502,2111.8,176.24,-17.388
9.2602,2113.6,176.06,-17.335
9.2702,2115.3,175.89,-17.283
9.2802,2117.1,175.72,-17.231
9.2902,2118.9,175.54,-17.18
9.3002,2120.6,175.37,-17.13
9.3102,2122.4,175.2,-17.092
9.3202,2124.1,175.03,-17.054
9.3302,2125.9,174.86,-17.016
9.3402,2127.6,174.69,-16.979
9.3502,2129.4,174.52,-16.942
9.3602,2131.1,174.35,-16.902
9.3702,2132.8,174.18,-16.862
9.3802,2134.6,174.01,-16.824
9.3902,2136.3,173.85,-16.786
9.4002,2138.1,173.68,-16.748
9.4102,2139.8,173.51,-16.703
9.4202,2141.5,173.34,-16.658
9.4302,2143.3,173.18,-16.614
9.4402,2145,173.01,-16.571
9.4502,2146.7,172.85,-16.529
9.4602,2148.5,172.68,-16.497
9.4702,2150.2,172.52,-16.465
9.4802,2151.9,172.35,-16.434
9.4902,2153.6,172.19,-16.404
9.5002,2155.4,172.02,-16.374
9.5102,2157.1,171.86,-16.337
9.5202,2158.8,171.7,-16.301
9.5302,2160.5,171.53,-16.266
9.5402,2162.2,171.37,-16.232
9.5502,2163.9,171.21,-16.199
9.5602,2165.6,171.05,-16.168
9.5702,2167.4,170.89,-16.138
9.5802,2169.1,170.73,-16.109
9.5902,2170.8,170.56,-16.081
9.6002,2172.5,170.4,-16.054
9.6102,2174.2,170.24,-16.036
9.6202,2175.9,170.08,-16.018
9.6302,2177.6,169.92,-16.001
9.6402,2179.3,169.76,-15.985
9.6502,2181,169.6,-15.969
9.6602,2182.7,169.44,-15.948
9.6702,2184.4,169.28,-15.928
9.6802,2186.1,169.13,-15.908
9.6902,2187.7,168.97,-15.89
9.7002,2189.4,168.81,-15.872
9.7102,2191.1,168.65,-15.863
9.7202,2192.8,168.49,-15.855
9.7302,2194.5,168.33,-15.848
9.7402,2196.2,168.17,-15.841
9.7502,2197.9,168.02,-15.834
9.7602,2199.5,167.86,-15.826
9.7702,2201.2,167.7,-15.819
9.7802,2202.9,167.54,-15.812
9.7902,2204.6,167.38,-15.806
9.8002,2206.2,167.22,-15.8
9.8102,2207.9,167.07,-15.786
9.8202,2209.6,166.91,-15.773
9.8302,2211.2,166.75,-15.761
9.8402,2212.9,166.59,-15.749
9.8502,2214.6,166.44,-15.737
9.8602,2216.2,166.28,-15.729
9.8702,2217.9,166.12,-15.721
9.8802,2219.6,165.96,-15.713
9.8902,2221.2,165.81,-15.706
9.9002,2222.9,165.65,-15.7
9.9102,2224.5,165.49,-15.69
9.9202,2226.2,165.34,-15.68
9.9302,2227.8,165.18,-15.671
9.9402,2229.5,165.02,-15.663
9.9502,2231.1,164.87,-15.655
9.9602,2232.8,164.71,-15.647
9.9702,2234.4,164.55,-15.64
9.9802,2236.1,164.4,-15.633
9.9902,2237.7,164.24,-15.627
10,2239.4,164.08,-15.621
10.01,2241,163.93,-15.623
10.02,2242.6,163.77,-15.624
10.03,2244.3,163.62,-15.627
10.04,2245.9,163.46,-15.63
10.05,2247.6,163.3,-15.633
10.06,2249.2,163.15,-15.634
10.07,2250.8,162.99,-15.635
10.08,2252.4,162.83,-15.637
10.09,2254.1,162.68,-15.64
10.1,2255.7,162.52,-15.643
10.11,2257.3,162.36,-15.658
10.12,2258.9,162.21,-15.674
10.13,2260.6,162.05,-15.69
10.14,2262.2,161.89,-15.707
10.15,2263.8,161.74,-15.724
10.16,2265.4,161.58,-15.743
10.17,2267,161.42,-15.762
10.18,2268.6,161.26,-15.783
10.19,2270.3,161.11,-15.804
10.2,2271.9,160.95,-15.825
10.21,2273.5,160.79,-15.817
10.22,2275.1,160.63,-15.809
10.23,2276.7,160.47,-15.8
10.24,2278.3,160.32,-15.792
10.25,2279.9,160.16,-15.783
10.26,2281.5,160,-15.786
10.27,2283.1,159.84,-15.788
10.28,2284.7,159.68,-15.79
10.29,2286.3,159.53,-15.792
10.3,2287.9,159.37,-15.793
10.31,2289.5,159.21,-15.793
10.32,2291.1,159.05,-15.793
10.33,2292.7,158.9,-15.792
10.34,2294.2,158.74,-15.79
10.35,2295.8,158.58,-15.789
10.36,2297.4,158.42,-15.811
10.37,2299,158.26,-15.832
10.38,2300.6,158.1,-15.854
10.39,2302.2,157.95,-15.875
10.4,2303.7,157.79,-15.895
10.41,2305.3,157.63,-15.889
10.42,2306.9,157.47,-15.883
10.43,2308.5,157.31,-15.875
10.44,2310,157.15,-15.867
10.45,2311.6,156.99,-15.857
10.46,2313.2,156.83,-15.842
10.47,2314.7,156.68,-15.826
10.48,2316.3,156.52,-15.809
10.49,2317.9,156.36,-15.791
10.5,2319.4,156.2,-15.773
10.51,2321,156.04,-15.761
10.52,2322.6,155.89,-15.749
10.53,2324.1,155.73,-15.736
10.54,2325.7,155.57,-15.722
10.55,2327.2,155.42,-15.707
10.56,2328.8,155.26,-15.691
10.57,2330.3,155.1,-15.674
10.58,2331.9,154.94,-15.657
10.59,2333.4,154.79,-15.639
10.6,2335,154.63,-15.62
10.61,2336.5,154.48,-15.615
10.62,2338.1,154.32,-15.608
10.63,2339.6,154.16,-15.601
10.64,2341.2,154.01,-15.593
10.65,2342.7,153.85,-15.584
10.66,2344.2,153.7,-15.569
10.67,2345.8,153.54,-15.553
10.68,2347.3,153.38,-15.536
10.69,2348.8,153.23,-15.519
10.7,2350.4,153.07,-15.5
10.71,2351.9,152.92,-15.482
10.72,2353.4,152.76,-15.463
10.73,2355,152.61,-15.444
10.74,2356.5,152.46,-15.423
10.75,2358,152.3,-15.402
10.76,2359.5,152.15,-15.372
10.77,2361,151.99,-15.341
10.78,2362.6,151.84,-15.31
10.79,2364.1,151.69,-15.279
10.8,2365.6,151.54,-15.248
10.81,2367.1,151.38,-15.21
10.82,2368.6,151.23,-15.173
10.83,2370.1,151.08,-15.136
10.84,2371.6,150.93,-15.099
10.85,2373.2,150.78,-15.063
10.86,2374.7,150.63,-15.027
10.87,2376.2,150.48,-14.992
10.88,2377.7,150.33,-14.958
10.89,2379.2,150.18,-14.923
10.9,2380.7,150.03,-14.89
10.91,2382.2,149.88,-14.847
10.92,2383.7,149.73,-14.806
10.93,2385.2,149.58,-14.766
10.94,2386.7,149.44,-14.727
10.95,2388.2,149.29,-14.689
10.96,2389.7,149.14,-14.673
10.97,2391.1,149,-14.657
10.98,2392.6,148.85,-14.641
10.99,2394.1,148.7,-14.626
11,2395.6,148.56,-14.61
11.01,2397.1,148.41,-14.57
11.02,2398.6,148.27,-14.53
11.03,2400.1,148.12,-14.491
11.04,2401.5,147.98,-14.453
11.05,2403,147.83,-14.416
11.06,2404.5,147.69,-14.382
11.07,2406,147.54,-14.348
11.08,2407.4,147.4,-14.316
11.09,2408.9,147.26,-14.284
11.1,2410.4,147.12,-14.253
11.11,2411.9,146.97,-14.237
11.12,2413.3,146.83,-14.221
11.13,2414.8,146.69,-14.206
11.14,2416.3,146.55,-14.191
11.15,2417.7,146.4,-14.176
11.16,2419.2,146.26,-14.16
11.17,2420.7,146.12,-14.143
11.18,2422.1,145.98,-14.127
11.19,2423.6,145.84,-14.112
11.2,2425,145.7,-14.097
11.21,2426.5,145.56,-14.086
11.22,2427.9,145.42,-14.075
11.23,2429.4,145.28,-14.065
11.24,2430.8,145.13,-14.055
11.25,2432.3,144.99,-14.045
11.26,2433.7,144.85,-14.024
11.27,2435.2,144.71,-14.004
11.28,2436.6,144.57,-13.984
11.29,2438.1,144.43,-13.965
11.3,2439.5,144.29,-13.946
11.31,2441,144.15,-13.945
11.32,2442.4,144.02,-13.944
11.33,2443.9,143.88,-13.944
11.34,2445.3,143.74,-13.943
11.35,2446.7,143.6,-13.944
11.36,2448.2,143.46,-13.949
11.37,2449.6,143.32,-13.955
11.38,2451,143.18,-13.962
11.39,2452.5,143.04,-13.968
11.4,2453.9,142.9,-13.975
11.41,2455.3,142.76,-13.982
11.42,2456.7,142.62,-13.989
11.43,2458.2,142.48,-13.997
11.44,2459.6,142.34,-14.005
11.45,2461,142.2,-14.012
11.46,2462.4,142.06,-14.016
11.47,2463.9,141.92,-14.019
11.48,2465.3,141.78,-14.023
11.49,2466.7,141.64,-14.027
11.5,2468.1,141.5,-14.031
11.51,2469.5,141.36,-14.026
11.52,2470.9,141.22,-14.022
11.53,2472.3,141.08,-14.019
11.54,2473.8,140.94,-14.015
11.55,2475.2,140.8,-14.012
11.56,2476.6,140.66,-14.013
11.57,2478,140.52,-14.014
11.58,2479.4,140.38,-14.015
11.59,2480.8,140.24,-14.016
11.6,2482.2,140.1,-14.017
11.61,2483.6,139.96,-14.019
11.62,2485,139.82,-14.021
11.63,2486.4,139.68,-14.024
11.64,2487.8,139.54,-14.026
11.65,2489.2,139.4,-14.028
11.66,2490.6,139.26,-14.032
11.67,2492,139.12,-14.036
11.68,2493.4,138.97,-14.04
11.69,2494.7,138.83,-14.044
11.7,2496.1,138.69,-14.048
11.71,2497.5,138.55,-14.032
11.72,2498.9,138.41,-14.016
11.73,2500.3,138.27,-14
11.74,2501.7,138.13,-13.985
11.75,2503,137.99,-13.969
11.76,2504.4,137.85,-13.958
11.77,2505.8,137.71,-13.946
11.78,2507.2,137.57,-13.935
11.79,2508.6,137.44,-13.924
11.8,2509.9,137.3,-13.913
11.81,2511.3,137.16,-13.915
11.82,2512.7,137.02,-13.918
11.83,2514,136.88,-13.921
11.84,2515.4,136.74,-13.924
11.85,2516.8,136.6,-13.927
11.86,2518.1,136.46,-13.937
11.87,2519.5,136.32,-13.947
11.88,2520.9,136.18,-13.958
11.89,2522.2,136.04,-13.969
11.9,2523.6,135.9,-13.979
11.91,2524.9,135.76,-13.973
11.92,2526.3,135.62,-13.967
11.93,2527.7,135.48,-13.961
11.94,2529,135.34,-13.955
11.95,2530.4,135.2,-13.948
11.96,2531.7,135.07,-13.933
11.97,2533.1,134.93,-13.917
11.98,2534.4,134.79,-13.902
11.99,2535.8,134.65,-13.886
12,2537.1,134.51,-13.87
12.01,2538.5,134.37,-13.854
12.02,2539.8,134.23,-13.839
12.03,2541.1,134.09,-13.823
12.04,2542.5,133.96,-13.807
12.05,2543.8,133.82,-13.791
12.06,2545.2,133.68,-13.792
12.07,2546.5,133.54,-13.793
12.08,2547.8,133.4,-13.794
12.09,2549.2,133.27,-13.795
12.1,2550.5,133.13,-13.795
12.11,2551.8,132.99,-13.783
12.12,2553.2,132.85,-13.77
12.13,2554.5,132.71,-13.757
12.14,2555.8,132.58,-13.744
12.15,2557.1,132.44,-13.731
12.16,2558.5,132.3,-13.731
12.17,2559.8,132.17,-13.731
12.18,2561.1,132.03,-13.73
12.19,2562.4,131.89,-13.73
12.2,2563.7,131.75,-13.728
12.21,2565.1,131.62,-13.711
12.22,2566.4,131.48,-13.694
12.23,2567.7,131.34,-13.677
12.24,2569,131.21,-13.66
12.25,2570.3,131.07,-13.643
12.26,2571.6,130.93,-13.638
12.27,2572.9,130.8,-13.633
12.28,2574.2,130.66,-13.628
12.29,2575.5,130.52,-13.623
12.3,2576.8,130.39,-13.618
12.31,2578.1,130.25,-13.608
12.32,2579.4,130.12,-13.598
12.33,2580.7,129.98,-13.588
12.34,2582,129.84,-13.577
12.35,2583.3,129.71,-13.567
12.36,2584.6,129.57,-13.553
12.37,2585.9,129.44,-13.539
12.38,2587.2,129.3,-13.524
12.39,2588.5,129.17,-13.51
12.4,2589.8,129.03,-13.496
12.41,2591.1,128.9,-13.499
12.42,2592.4,128.76,-13.501
12.43,2593.7,128.63,-13.503
12.44,2595,128.49,-13.504
12.45,2596.2,128.36,-13.506
12.46,2597.5,128.22,-13.486
12.47,2598.8,128.09,-13.465
12.48,2600.1,127.95,-13.445
12.49,2601.4,127.82,-13.426
12.5,2602.6,127.68,-13.406
12.51,2603.9,127.55,-13.401
12.52,2605.2,127.42,-13.396
12.53,2606.5,127.28,-13.391
12.54,2607.7,127.15,-13.386
12.55,2609,127.01,-13.38
12.56,2610.3,126.88,-13.374
12.57,2611.6,126.75,-13.368
12.58,2612.8,126.61,-13.362
12.59,2614.1,126.48,-13.355
12.6,2615.3,126.35,-13.348
12.61,2616.6,126.21,-13.34
12.62,2617.9,126.08,-13.331
12.63,2619.1,125.95,-13.323
12.64,2620.4,125.81,-13.314
12.65,2621.7,125.68,-13.305
12.66,2622.9,125.55,-13.283
12.67,2624.2,125.41,-13.262
12.68,2625.4,125.28,-13.24
12.69,2626.7,125.15,-13.219
12.7,2627.9,125.02,-13.199
12.71,2629.2,124.88,-13.19
12.72,2630.4,124.75,-13.182
12.73,2631.7,124.62,-13.173
12.74,2632.9,124.49,-13.165
12.75,2634.2,124.36,-13.156
12.76,2635.4,124.23,-13.144
12.77,2636.6,124.09,-13.131
12.78,2637.9,123.96,-13.119
12.79,2639.1,123.83,-13.106
12.8,2640.4,123.7,-13.093
12.81,2641.6,123.57,-13.069
12.82,2642.8,123.44,-13.045
12.83,2644.1,123.31,-13.021
12.84,2645.3,123.18,-12.998
12.85,2646.5,123.05,-12.975
12.86,2647.8,122.92,-12.965
12.87,2649,122.79,-12.954
12.88,2650.2,122.66,-12.944
12.89,2651.4,122.53,-12.934
12.9,2652.7,122.4,-12.924
12.91,2653.9,122.27,-12.923
12.92,2655.1,122.14,-12.921
12.93,2656.3,122.01,-12.919
12.94,2657.5,121.89,-12.918
12.95,2658.8,121.76,-12.916
12.96,2660,121.63,-12.895
12.97,2661.2,121.5,-12.876
12.98,2662.4,121.37,-12.856
12.99,2663.6,121.24,-12.836
13,2664.8,121.11,-12.817
13.01,2666,120.98,-12.803
13.02,2667.3,120.86,-12.79
13.03,2668.5,120.73,-12.776
13.04,2669.7,120.6,-12.763
13.05,2670.9,120.47,-12.75
13.06,2672.1,120.35,-12.743
13.07,2673.3,120.22,-12.736
13.08,2674.5,120.09,-12.729
13.09,2675.7,119.96,-12.723
13.1,2676.9,119.84,-12.716
13.11,2678.1,119.71,-12.699
13.12,2679.3,119.58,-12.682
13.13,2680.5,119.46,-12.665
13.14,2681.7,119.33,-12.649
13.15,2682.9,119.2,-12.633
13.16,2684,119.08,-12.625
13.17,2685.2,118.95,-12.618
13.18,2686.4,118.82,-12.61
13.19,2687.6,118.7,-12.603
13.2,2688.8,118.57,-12.595
13.21,2690,118.45,-12.578
13.22,2691.2,118.32,-12.56
13.23,2692.4,118.2,-12.543
13.24,2693.5,118.07,-12.526
13.25,2694.7,117.95,-12.511
13.26,2695.9,117.82,-12.531
13.27,2697.1,117.69,-12.551
13.28,2698.2,117.57,-12.571
13.29,2699.4,117.44,-12.591
13.3,2700.6,117.32,-12.61
13.31,2701.8,117.19,-12.605
13.32,2702.9,117.06,-12.601
13.33,2704.1,116.94,-12.596
13.34,2705.3,116.81,-12.591
13.35,2706.4,116.69,-12.587
13.36,2707.6,116.56,-12.575
13.37,2708.8,116.44,-12.563
13.38,2709.9,116.31,-12.551
13.39,2711.1,116.18,-12.539
13.4,2712.3,116.06,-12.528
13.41,2713.4,115.93,-12.526
13.42,2714.6,115.81,-12.525
13.43,2715.7,115.68,-12.524
13.44,2716.9,115.56,-12.523
13.45,2718.1,115.43,-12.521
13.46,2719.2,115.31,-12.518
13.47,2720.4,115.18,-12.515
13.48,2721.5,115.06,-12.512
13.49,2722.7,114.93,-12.509
13.5,2723.8,114.81,-12.507
13.51,2725,114.68,-12.503
13.52,2726.1,114.56,-12.5
13.53,2727.2,114.43,-12.497
13.54,2728.4,114.31,-12.494
13.55,2729.5,114.18,-12.491
13.56,2730.7,114.06,-12.476
13.57,2731.8,113.93,-12.461
13.58,2733,113.81,-12.446
13.59,2734.1,113.68,-12.431
13.6,2735.2,113.56,-12.417
13.61,2736.4,113.44,-12.425
13.62,2737.5,113.31,-12.434
13.63,2738.6,113.19,-12.442
13.64,2739.8,113.06,-12.45
13.65,2740.9,112.94,-12.458
13.66,2742,112.81,-12.458
13.67,2743.1,112.69,-12.457
13.68,2744.3,112.56,-12.456
13.69,2745.4,112.44,-12.456
13.7,2746.5,112.32,-12.455
13.71,2747.6,112.19,-12.449
13.72,2748.8,112.07,-12.442
13.73,2749.9,111.94,-12.436
13.74,2751,111.82,-12.429
13.75,2752.1,111.69,-12.423
13.76,2753.2,111.57,-12.423
13.77,2754.4,111.44,-12.423
13.78,2755.5,111.32,-12.424
13.79,2756.6,111.2,-12.424
13.8,2757.7,111.07,-12.424
13.81,2758.8,110.95,-12.408
13.82,2759.9,110.82,-12.393
13.83,2761,110.7,-12.378
13.84,2762.1,110.58,-12.363
13.85,2763.2,110.45,-12.348
13.86,2764.3,110.33,-12.354
13.87,2765.4,110.21,-12.359
13.88,2766.5,110.08,-12.364
13.89,2767.6,109.96,-12.37
13.9,2768.7,109.83,-12.376
13.91,2769.8,109.71,-12.376
13.92,2770.9,109.59,-12.376
13.93,2772,109.46,-12.376
13.94,2773.1,109.34,-12.375
13.95,2774.2,109.22,-12.375
13.96,2775.3,109.09,-12.37
13.97,2776.4,108.97,-12.365
13.98,2777.5,108.84,-12.36
13.99,2778.6,108.72,-12.354
14,2779.7,108.6,-12.349
14.01,2780.7,108.47,-12.35
14.02,2781.8,108.35,-12.351
14.03,2782.9,108.23,-12.352
14.04,2784,108.1,-12.353
14.05,2785.1,107.98,-12.353
14.06,2786.2,107.86,-12.35
14.07,2787.2,107.73,-12.346
14.08,2788.3,107.61,-12.343
14.09,2789.4,107.49,-12.339
14.1,2790.5,107.36,-12.335
14.11,2791.5,107.24,-12.321
14.12,2792.6,107.12,-12.306
14.13,2793.7,106.99,-12.292
14.14,2794.7,106.87,-12.278
14.15,2795.8,106.75,-12.264
14.16,2796.9,106.63,-12.261
14.17,2797.9,106.5,-12.258
14.18,2799,106.38,-12.255
14.19,2800.1,106.26,-12.252
14.2,2801.1,106.14,-12.248
14.21,2802.2,106.01,-12.233
14.22,2803.2,105.89,-12.218
14.23,2804.3,105.77,-12.203
14.24,2805.4,105.65,-12.188
14.25,2806.4,105.52,-12.174
14.26,2807.5,105.4,-12.17
14.27,2808.5,105.28,-12.166
14.28,2809.6,105.16,-12.162
14.29,2810.6,105.04,-12.158
14.3,2811.7,104.92,-12.154
14.31,2812.7,104.79,-12.151
14.32,2813.8,104.67,-12.148
14.33,2814.8,104.55,-12.145
14.34,2815.9,104.43,-12.143
14.35,2816.9,104.31,-12.139
14.36,2818,104.19,-12.132
14.37,2819,104.07,-12.124
14.38,2820,103.95,-12.116
14.39,2821.1,103.82,-12.108
14.4,2822.1,103.7,-12.1
14.41,2823.1,103.58,-12.08
14.42,2824.2,103.46,-12.06
14.43,2825.2,103.34,-12.04
14.44,2826.3,103.22,-12.021
14.45,2827.3,103.1,-12.002
14.46,2828.3,102.98,-11.997
14.47,2829.3,102.86,-11.991
14.48,2830.4,102.74,-11.986
14.49,2831.4,102.62,-11.98
14.5,2832.4,102.5,-11.975
14.51,2833.4,102.38,-11.97
14.52,2834.5,102.26,-11.965
14.53,2835.5,102.14,-11.96
14.54,2836.5,102.02,-11.955
14.55,2837.5,101.9,-11.95
14.56,2838.6,101.78,-11.943
14.57,2839.6,101.66,-11.937
14.58,2840.6,101.54,-11.93
14.59,2841.6,101.43,-11.923
14.6,2842.6,101.31,-11.916
14.61,2843.6,101.19,-11.909
14.62,2844.6,101.07,-11.901
14.63,2845.6,100.95,-11.894
14.64,2846.7,100.83,-11.886
14.65,2847.7,100.71,-11.879
14.66,2848.7,100.59,-11.883
14.67,2849.7,100.47,-11.887
14.68,2850.7,100.35,-11.891
14.69,2851.7,100.24,-11.895
14.7,2852.7,100.12,-11.898
14.71,2853.7,99.998,-11.893
14.72,2854.7,99.879,-11.887
14.73,2855.7,99.76,-11.881
14.74,2856.7,99.641,-11.875
14.75,2857.7,99.523,-11.869
14.76,2858.7,99.404,-11.857
14.77,2859.7,99.286,-11.845
14.78,2860.7,99.167,-11.834
14.79,2861.6,99.049,-11.822
14.8,2862.6,98.931,-11.81
14.81,2863.6,98.813,-11.801
14.82,2864.6,98.695,-11.792
14.83,2865.6,98.577,-11.783
14.84,2866.6,98.459,-11.774
14.85,2867.6,98.341,-11.765
14.86,2868.6,98.224,-11.76
14.87,2869.5,98.106,-11.754
14.88,2870.5,97.989,-11.749
14.89,2871.5,97.871,-11.744
14.9,2872.5,97.754,-11.738
14.91,2873.4,97.636,-11.736
14.92,2874.4,97.519,-11.733
14.93,2875.4,97.402,-11.73
14.94,2876.4,97.284,-11.727
14.95,2877.3,97.167,-11.724
14.96,2878.3,97.05,-11.725
14.97,2879.3,96.933,-11.726
14.98,2880.3,96.815,-11.726
14.99,2881.2,96.698,-11.727
15,2882.2,96.581,-11.727
15.01,2883.2,96.464,-11.722
15.02,2884.1,96.347,-11.716
15.03,2885.1,96.229,-11.711
15.04,2886,96.112,-11.705
15.05,2887,95.995,-11.7
15.06,2888,95.878,-11.699
15.07,2888.9,95.761,-11.698
15.08,2889.9,95.644,-11.696
15.09,2890.8,95.527,-11.695
15.1,2891.8,95.41,-11.694
15.11,2892.7,95.294,-11.681
15.12,2893.7,95.177,-11.668
15.13,2894.6,95.06,-11.656
15.14,2895.6,94.944,-11.643
15.15,2896.5,94.827,-11.631
15.16,2897.5,94.711,-11.633
15.17,2898.4,94.595,-11.635
15.18,2899.4,94.478,-11.637
15.19,2900.3,94.362,-11.639
15.2,2901.3,94.246,-11.64
15.21,2902.2,94.129,-11.638
15.22,2903.2,94.013,-11.636
15.23,2904.1,93.896,-11.634
15.24,2905,93.78,-11.631
15.25,2906,93.664,-11.629
15.26,2906.9,93.548,-11.616
15.27,2907.8,93.431,-11.603
15.28,2908.8,93.315,-11.591
15.29,2909.7,93.2,-11.578
15.3,2910.6,93.084,-11.566
15.31,2911.6,92.968,-11.557
15.32,2912.5,92.853,-11.547
15.33,2913.4,92.737,-11.538
15.34,2914.4,92.622,-11.529
15.35,2915.3,92.507,-11.52
15.36,2916.2,92.392,-11.508
15.37,2917.1,92.277,-11.496
15.38,2918,92.162,-11.485
15.39,2919,92.047,-11.473
15.4,2919.9,91.932,-11.462
15.41,2920.8,91.818,-11.462
15.42,2921.7,91.703,-11.462
15.43,2922.6,91.588,-11.462
15.44,2923.6,91.474,-11.462
15.45,2924.5,91.359,-11.462
15.46,2925.4,91.245,-11.459
15.47,2926.3,91.13,-11.456
15.48,2927.2,91.015,-11.453
15.49,2928.1,90.901,-11.45
15.5,2929,90.786,-11.446
15.51,2929.9,90.672,-11.442
15.52,2930.8,90.558,-11.437
15.53,2931.7,90.443,-11.432
15.54,2932.6,90.329,-11.427
15.55,2933.5,90.215,-11.423
15.56,2934.4,90.1,-11.419
15.57,2935.3,89.986,-11.416
15.58,2936.2,89.872,-11.412
15.59,2937.1,89.758,-11.408
15.6,2938,89.644,-11.405
15.61,2938.9,89.53,-11.393
15.62,2939.8,89.416,-11.382
15.63,2940.7,89.302,-11.371
15.64,2941.6,89.189,-11.36
15.65,2942.5,89.075,-11.348
15.66,2943.4,88.962,-11.327
15.67,2944.3,88.849,-11.305
15.68,2945.2,88.736,-11.283
15.69,2946.1,88.623,-11.261
15.7,2947,88.51,-11.239
15.71,2947.8,88.398,-11.235
15.72,2948.7,88.286,-11.232
15.73,2949.6,88.173,-11.228
15.74,2950.5,88.061,-11.224
15.75,2951.4,87.949,-11.22
15.76,2952.2,87.837,-11.219
15.77,2953.1,87.725,-11.218
15.78,2954,87.612,-11.217
15.79,2954.9,87.5,-11.216
15.8,2955.7,87.388,-11.215
15.81,2956.6,87.276,-11.202
15.82,2957.5,87.164,-11.189
15.83,2958.4,87.052,-11.177
15.84,2959.2,86.941,-11.164
15.85,2960.1,86.829,-11.152
15.86,2961,86.717,-11.152
15.87,2961.8,86.606,-11.152
15.88,2962.7,86.494,-11.153
15.89,2963.6,86.383,-11.153
15.9,2964.4,86.271,-11.154
15.91,2965.3,86.16,-11.157
15.92,2966.2,86.048,-11.161
15.93,2967,85.937,-11.165
15.94,2967.9,85.825,-11.168
15.95,2968.7,85.713,-11.172
15.96,2969.6,85.601,-11.171
15.97,2970.4,85.49,-11.171
15.98,2971.3,85.378,-11.17
15.99,2972.1,85.266,-11.17
16,2973,85.155,-11.169
16.01,2973.9,85.043,-11.166
16.02,2974.7,84.931,-11.162
16.03,2975.6,84.82,-11.158
16.04,2976.4,84.708,-11.154
16.05,2977.2,84.597,-11.151
16.06,2978.1,84.485,-11.155
16.07,2978.9,84.374,-11.16
16.08,2979.8,84.262,-11.164
16.09,2980.6,84.15,-11.169
16.1,2981.5,84.039,-11.173
16.11,2982.3,83.927,-11.164
16.12,2983.1,83.815,-11.155
16.13,2984,83.704,-11.147
16.14,2984.8,83.592,-11.138
16.15,2985.6,83.481,-11.13
16.16,2986.5,83.37,-11.142
16.17,2987.3,83.258,-11.154
16.18,2988.1,83.147,-11.166
16.19,2989,83.035,-11.178
16.2,2989.8,82.923,-11.189
16.21,2990.6,82.811,-11.188
16.22,2991.5,82.699,-11.187
16.23,2992.3,82.587,-11.186
16.24,2993.1,82.476,-11.185
16.25,2993.9,82.364,-11.184
16.26,2994.8,82.252,-11.183
16.27,2995.6,82.14,-11.183
16.28,2996.4,82.028,-11.182
16.29,2997.2,81.916,-11.182
16.3,2998,81.805,-11.181
16.31,2998.9,81.693,-11.182
16.32,2999.7,81.581,-11.182
16.33,3000.5,81.469,-11.183
16.34,3001.3,81.357,-11.183
16.35,3002.1,81.245,-11.184
16.36,3002.9,81.134,-11.177
16.37,3003.7,81.022,-11.17
16.38,3004.6,80.91,-11.163
16.39,3005.4,80.799,-11.157
16.4,3006.2,80.687,-11.15
16.41,3007,80.576,-11.143
16.42,3007.8,80.464,-11.137
16.43,3008.6,80.353,-11.13
16.44,3009.4,80.242,-11.123
16.45,3010.2,80.13,-11.116
16.46,3011,80.019,-11.11
16.47,3011.8,79.908,-11.103
16.48,3012.6,79.797,-11.097
16.49,3013.4,79.686,-11.09
16.5,3014.2,79.575,-11.084
16.51,3015,79.465,-11.093
16.52,3015.8,79.354,-11.102
16.53,3016.6,79.243,-11.111
16.54,3017.4,79.131,-11.12
16.55,3018.1,79.02,-11.129
16.56,3018.9,78.909,-11.118
16.57,3019.7,78.798,-11.106
16.58,3020.5,78.687,-11.095
16.59,3021.3,78.576,-11.084
16.6,3022.1,78.465,-11.073
16.61,3022.9,78.354,-11.082
16.62,3023.7,78.243,-11.091
16.63,3024.4,78.132,-11.1
16.64,3025.2,78.021,-11.109
16.65,3026,77.91,-11.118
16.66,3026.8,77.799,-11.104
16.67,3027.6,77.688,-11.09
16.68,3028.3,77.577,-11.077
16.69,3029.1,77.467,-11.063
16.7,3029.9,77.356,-11.05
16.71,3030.6,77.246,-11.059
16.72,3031.4,77.135,-11.068
16.73,3032.2,77.024,-11.078
16.74,3033,76.913,-11.088
16.75,3033.7,76.802,-11.097
16.76,3034.5,76.691,-11.092
16.77,3035.3,76.581,-11.087
16.78,3036,76.47,-11.081
16.79,3036.8,76.359,-11.076
16.8,3037.6,76.248,-11.071
16.81,3038.3,76.137,-11.077
16.82,3039.1,76.027,-11.084
16.83,3039.8,75.916,-11.09
16.84,3040.6,75.805,-11.097
16.85,3041.4,75.694,-11.103
16.86,3042.1,75.583,-11.099
16.87,3042.9,75.472,-11.095
16.88,3043.6,75.361,-11.09
16.89,3044.4,75.25,-11.086
16.9,3045.1,75.139,-11.081
16.91,3045.9,75.028,-11.069
16.92,3046.6,74.918,-11.057
16.93,3047.4,74.807,-11.045
16.94,3048.1,74.697,-11.033
16.95,3048.9,74.587,-11.022
16.96,3049.6,74.476,-11.022
16.97,3050.4,74.366,-11.023
16.98,3051.1,74.256,-11.024
16.99,3051.8,74.146,-11.025
17,3052.6,74.036,-11.026
17.01,3053.3,73.925,-11.033
17.02,3054.1,73.815,-11.039
17.03,3054.8,73.704,-11.046
17.04,3055.5,73.594,-11.052
17.05,3056.3,73.483,-11.059
17.06,3057,73.373,-11.049
17.07,3057.7,73.262,-11.039
17.08,3058.5,73.152,-11.03
17.09,3059.2,73.042,-11.02
17.1,3059.9,72.932,-11.01
17.11,3060.7,72.822,-10.997
17.12,3061.4,72.712,-10.984
17.13,3062.1,72.602,-10.971
17.14,3062.8,72.492,-10.959
17.15,3063.6,72.383,-10.946
17.16,3064.3,72.273,-10.937
17.17,3065,72.164,-10.927
17.18,3065.7,72.055,-10.917
17.19,3066.5,71.946,-10.908
17.2,3067.2,71.837,-10.899
17.21,3067.9,71.728,-10.897
17.22,3068.6,71.619,-10.894
17.23,3069.3,71.51,-10.892
17.24,3070,71.401,-10.89
17.25,3070.7,71.292,-10.888
17.26,3071.5,71.183,-10.894
17.27,3072.2,71.074,-10.9
17.28,3072.9,70.965,-10.907
17.29,3073.6,70.856,-10.914
17.3,3074.3,70.747,-10.92
17.31,3075,70.638,-10.914
17.32,3075.7,70.529,-10.909
17.33,3076.4,70.419,-10.903
17.34,3077.1,70.31,-10.897
17.35,3077.8,70.202,-10.892
17.36,3078.5,70.093,-10.88
17.37,3079.2,69.984,-10.868
17.38,3079.9,69.875,-10.857
17.39,3080.6,69.767,-10.846
17.4,3081.3,69.658,-10.835
17.41,3082,69.55,-10.833
17.42,3082.7,69.442,-10.831
17.43,3083.4,69.333,-10.829
17.44,3084.1,69.225,-10.827
17.45,3084.8,69.117,-10.824
17.46,3085.5,69.009,-10.805
17.47,3086.2,68.901,-10.787
17.48,3086.9,68.793,-10.769
17.49,3087.5,68.685,-10.751
17.5,3088.2,68.578,-10.734
17.51,3088.9,68.471,-10.741
17.52,3089.6,68.363,-10.748
17.53,3090.3,68.256,-10.755
17.54,3091,68.148,-10.762
17.55,3091.6,68.04,-10.769
17.56,3092.3,67.933,-10.766
17.57,3093,67.825,-10.762
17.58,3093.7,67.717,-10.759
17.59,3094.4,67.61,-10.756
17.6,3095,67.502,-10.753
17.61,3095.7,67.395,-10.744
17.62,3096.4,67.287,-10.736
17.63,3097.1,67.18,-10.727
17.64,3097.7,67.073,-10.719
17.65,3098.4,66.966,-10.711
17.66,3099.1,66.859,-10.713
17.67,3099.7,66.752,-10.715
17.68,3100.4,66.644,-10.717
17.69,3101.1,66.537,-10.72
17.7,3101.7,66.43,-10.722
17.71,3102.4,66.323,-10.724
17.72,3103.1,66.215,-10.726
17.73,3103.7,66.108,-10.729
17.74,3104.4,66.001,-10.731
17.75,3105,65.894,-10.733
17.76,3105.7,65.786,-10.732
17.77,3106.4,65.679,-10.731
17.78,3107,65.572,-10.73
17.79,3107.7,65.464,-10.729
17.8,3108.3,65.357,-10.728
17.81,3109,65.25,-10.732
17.82,3109.6,65.142,-10.737
17.83,3110.3,65.035,-10.741
17.84,3110.9,64.928,-10.746
17.85,3111.6,64.82,-10.75
17.86,3112.2,64.713,-10.748
17.87,3112.9,64.605,-10.747
17.88,3113.5,64.498,-10.745
17.89,3114.2,64.39,-10.744
17.9,3114.8,64.283,-10.742
17.91,3115.4,64.175,-10.735
17.92,3116.1,64.068,-10.728
17.93,3116.7,63.961,-10.722
17.94,3117.4,63.854,-10.715
17.95,3118,63.747,-10.708
17.96,3118.6,63.64,-10.694
17.97,3119.3,63.533,-10.68
17.98,3119.9,63.426,-10.666
17.99,3120.5,63.319,-10.653
18,3121.2,63.213,-10.639
18.01,3121.8,63.107,-10.628
18.02,3122.4,63,-10.617
18.03,3123.1,62.894,-10.605
18.04,3123.7,62.788,-10.594
18.05,3124.3,62.682,-10.583
18.06,3125,62.577,-10.582
18.07,3125.6,62.471,-10.58
18.08,3126.2,62.365,-10.579
18.09,3126.8,62.259,-10.578
18.1,3127.4,62.153,-10.576
18.11,3128.1,62.048,-10.575
18.12,3128.7,61.942,-10.574
18.13,3129.3,61.836,-10.574
18.14,3129.9,61.73,-10.573
18.15,3130.5,61.625,-10.572
18.16,3131.2,61.519,-10.565
18.17,3131.8,61.413,-10.559
18.18,3132.4,61.308,-10.553
18.19,3133,61.202,-10.546
18.2,3133.6,61.097,-10.54
18.21,3134.2,60.991,-10.539
18.22,3134.8,60.886,-10.538
18.23,3135.4,60.781,-10.537
18.24,3136,60.675,-10.537
18.25,3136.7,60.57,-10.535
18.26,3137.3,60.465,-10.527
18.27,3137.9,60.359,-10.519
18.28,3138.5,60.254,-10.511
18.29,3139.1,60.149,-10.503
18.3,3139.7,60.044,-10.495
18.31,3140.3,59.939,-10.49
18.32,3140.9,59.834,-10.485
18.33,3141.5,59.73,-10.479
18.34,3142.1,59.625,-10.474
18.35,3142.7,59.52,-10.469
18.36,3143.3,59.415,-10.462
18.37,3143.8,59.311,-10.455
18.38,3144.4,59.206,-10.449
18.39,3145,59.102,-10.442
18.4,3145.6,58.998,-10.435
18.41,3146.2,58.893,-10.426
18.42,3146.8,58.789,-10.416
18.43,3147.4,58.685,-10.406
18.44,3148,58.581,-10.396
18.45,3148.6,58.477,-10.387
18.46,3149.1,58.373,-10.385
18.47,3149.7,58.269,-10.384
18.48,3150.3,58.165,-10.382
18.49,3150.9,58.062,-10.381
18.5,3151.5,57.958,-10.379
18.51,3152,57.854,-10.364
18.52,3152.6,57.751,-10.35
18.53,3153.2,57.647,-10.336
18.54,3153.8,57.544,-10.321
18.55,3154.4,57.441,-10.307
18.56,3154.9,57.338,-10.309
18.57,3155.5,57.235,-10.311
18.58,3156.1,57.131,-10.313
18.59,3156.6,57.028,-10.315
18.6,3157.2,56.925,-10.316
18.61,3157.8,56.822,-10.307
18.62,3158.3,56.719,-10.297
18.63,3158.9,56.616,-10.288
18.64,3159.5,56.513,-10.278
18.65,3160,56.41,-10.269
18.66,3160.6,56.308,-10.273
18.67,3161.2,56.205,-10.277
18.68,3161.7,56.102,-10.281
18.69,3162.3,55.999,-10.285
18.7,3162.9,55.897,-10.289
18.71,3163.4,55.794,-10.292
18.72,3164,55.691,-10.294
18.73,3164.5,55.588,-10.297
18.74,3165.1,55.485,-10.3
18.75,3165.6,55.382,-10.302
18.76,3166.2,55.279,-10.298
18.77,3166.7,55.176,-10.293
18.78,3167.3,55.073,-10.289
18.79,3167.8,54.97,-10.285
18.8,3168.4,54.867,-10.28
18.81,3168.9,54.764,-10.269
18.82,3169.5,54.662,-10.258
18.83,3170,54.559,-10.246
18.84,3170.6,54.457,-10.235
18.85,3171.1,54.355,-10.223
18.86,3171.7,54.252,-10.212
18.87,3172.2,54.15,-10.201
18.88,3172.7,54.048,-10.189
18.89,3173.3,53.947,-10.178
18.9,3173.8,53.845,-10.167
18.91,3174.4,53.743,-10.167
18.92,3174.9,53.641,-10.167
18.93,3175.4,53.54,-10.168
18.94,3176,53.438,-10.168
18.95,3176.5,53.336,-10.168
18.96,3177,53.235,-10.173
18.97,3177.6,53.133,-10.178
18.98,3178.1,53.031,-10.182
18.99,3178.6,52.929,-10.187
19,3179.2,52.827,-10.191
19.01,3179.7,52.726,-10.193
19.02,3180.2,52.624,-10.194
19.03,3180.7,52.522,-10.196
19.04,3181.3,52.42,-10.197
19.05,3181.8,52.318,-10.199
19.06,3182.3,52.216,-10.191
19.07,3182.8,52.114,-10.182
19.08,3183.4,52.012,-10.174
19.09,3183.9,51.91,-10.166
19.1,3184.4,51.809,-10.158
19.11,3184.9,51.707,-10.156
19.12,3185.4,51.606,-10.154
19.13,3185.9,51.504,-10.152
19.14,3186.5,51.403,-10.15
19.15,3187,51.301,-10.148
19.16,3187.5,51.2,-10.144
19.17,3188,51.098,-10.141
19.18,3188.5,50.997,-10.137
19.19,3189,50.896,-10.134
19.2,3189.5,50.794,-10.131
19.21,3190,50.693,-10.141
19.22,3190.5,50.591,-10.152
19.23,3191,50.49,-10.162
19.24,3191.5,50.388,-10.172
19.25,3192,50.286,-10.182
19.26,3192.5,50.184,-10.192
19.27,3193.1,50.083,-10.201
19.28,3193.6,49.98,-10.211
19.29,3194.1,49.878,-10.22
19.3,3194.5,49.776,-10.229
19.31,3195,49.674,-10.227
19.32,3195.5,49.572,-10.226
19.33,3196,49.469,-10.224
19.34,3196.5,49.367,-10.222
19.35,3197,49.265,-10.221
19.36,3197.5,49.163,-10.223
19.37,3198,49.06,-10.226
19.38,3198.5,48.958,-10.228
19.39,3199,48.856,-10.23
19.4,3199.5,48.753,-10.233
19.41,3200,48.651,-10.239
19.42,3200.4,48.549,-10.245
19.43,3200.9,48.446,-10.251
19.44,3201.4,48.344,-10.257
19.45,3201.9,48.241,-10.262
19.46,3202.4,48.138,-10.262
19.47,3202.9,48.036,-10.261
19.48,3203.3,47.933,-10.26
19.49,3203.8,47.831,-10.259
19.5,3204.3,47.728,-10.259
19.51,3204.8,47.625,-10.267
19.52,3205.3,47.523,-10.275
19.53,3205.7,47.42,-10.284
19.54,3206.2,47.317,-10.293
19.55,3206.7,47.214,-10.301
19.56,3207.1,47.111,-10.293
19.57,3207.6,47.008,-10.284
19.58,3208.1,46.905,-10.276
19.59,3208.6,46.803,-10.268
19.6,3209,46.7,-10.26
19.61,3209.5,46.597,-10.257
19.62,3210,46.495,-10.253
19.63,3210.4,46.392,-10.249
19.64,3210.9,46.29,-10.246
19.65,3211.3,46.187,-10.242
19.66,3211.8,46.085,-10.238
19.67,3212.3,45.983,-10.235
19.68,3212.7,45.88,-10.231
19.69,3213.2,45.778,-10.227
19.7,3213.6,45.676,-10.223
19.71,3214.1,45.574,-10.217
19.72,3214.6,45.471,-10.21
19.73,3215,45.369,-10.203
19.74,3215.5,45.267,-10.197
19.75,3215.9,45.165,-10.19
19.76,3216.4,45.064,-10.188
19.77,3216.8,44.962,-10.185
19.78,3217.3,44.86,-10.183
19.79,3217.7,44.758,-10.181
19.8,3218.2,44.656,-10.179
19.81,3218.6,44.554,-10.178
19.82,3219,44.453,-10.177
19.83,3219.5,44.351,-10.177
19.84,3219.9,44.249,-10.176
19.85,3220.4,44.147,-10.175
19.86,3220.8,44.046,-10.175
19.87,3221.3,43.944,-10.175
19.88,3221.7,43.842,-10.175
19.89,3222.1,43.74,-10.175
19.9,3222.6,43.639,-10.174
19.91,3223,43.537,-10.174
19.92,3223.4,43.435,-10.174
19.93,3223.9,43.333,-10.174
19.94,3224.3,43.232,-10.174
19.95,3224.7,43.13,-10.173
19.96,3225.2,43.028,-10.164
19.97,3225.6,42.927,-10.155
19.98,3226,42.825,-10.146
19.99,3226.5,42.724,-10.137
20,3226.9,42.622,-10.128
20.01,3227.3,42.521,-10.128
20.02,3227.7,42.42,-10.128
20.03,3228.2,42.319,-10.128
20.04,3228.6,42.217,-10.128
20.05,3229,42.116,-10.128
20.06,3229.4,42.015,-10.125
20.07,3229.8,41.914,-10.122
20.08,3230.3,41.812,-10.119
20.09,3230.7,41.711,-10.117
20.1,3231.1,41.61,-10.114
20.11,3231.5,41.509,-10.113
20.12,3231.9,41.408,-10.113
20.13,3232.3,41.307,-10.112
20.14,3232.8,41.206,-10.111
20.15,3233.2,41.104,-10.111
20.16,3233.6,41.003,-10.113
20.17,3234,40.902,-10.116
20.18,3234.4,40.801,-10.119
20.19,3234.8,40.7,-10.121
20.2,3235.2,40.599,-10.124
20.21,3235.6,40.497,-10.12
20.22,3236,40.396,-10.117
20.23,3236.4,40.295,-10.113
20.24,3236.8,40.194,-10.11
20.25,3237.2,40.093,-10.107
20.26,3237.6,39.992,-10.109
20.27,3238,39.891,-10.112
20.28,3238.4,39.789,-10.114
20.29,3238.8,39.688,-10.116
20.3,3239.2,39.587,-10.119
20.31,3239.6,39.486,-10.113
20.32,3240,39.385,-10.107
20.33,3240.4,39.284,-10.102
20.34,3240.8,39.183,-10.096
20.35,3241.2,39.082,-10.09
20.36,3241.6,38.981,-10.086
20.37,3242,38.88,-10.082
20.38,3242.4,38.779,-10.078
20.39,3242.7,38.679,-10.074
20.4,3243.1,38.578,-10.07
20.41,3243.5,38.477,-10.07
20.42,3243.9,38.377,-10.07
20.43,3244.3,38.276,-10.07
20.44,3244.7,38.175,-10.07
20.45,3245,38.074,-10.071
20.46,3245.4,37.974,-10.077
20.47,3245.8,37.873,-10.083
20.48,3246.2,37.772,-10.089
20.49,3246.6,37.671,-10.095
20.5,3246.9,37.57,-10.1
20.51,3247.3,37.469,-10.093
20.52,3247.7,37.368,-10.086
20.53,3248.1,37.267,-10.078
20.54,3248.4,37.167,-10.071
20.55,3248.8,37.066,-10.064
20.56,3249.2,36.965,-10.053
20.57,3249.5,36.865,-10.043
20.58,3249.9,36.765,-10.032
20.59,3250.3,36.664,-10.021
20.6,3250.6,36.564,-10.011
20.61,3251,36.464,-10.011
20.62,3251.4,36.364,-10.012
20.63,3251.7,36.264,-10.012
20.64,3252.1,36.164,-10.013
20.65,3252.5,36.064,-10.013
20.66,3252.8,35.963,-10.007
20.67,3253.2,35.863,-10.001
20.68,3253.5,35.763,-9.9944
20.69,3253.9,35.664,-9.9881
20.7,3254.2,35.564,-9.9819
20.71,3254.6,35.464,-9.9805
20.72,3255,35.364,-9.9791
20.73,3255.3,35.264,-9.9776
20.74,3255.7,35.165,-9.9762
20.75,3256,35.065,-9.9748
20.76,3256.4,34.965,-9.9717
20.77,3256.7,34.865,-9.9685
20.78,3257.1,34.766,-9.9654
20.79,3257.4,34.666,-9.9623
20.8,3257.8,34.566,-9.9591
20.81,3258.1,34.467,-9.952
20.82,3258.4,34.367,-9.9448
20.83,3258.8,34.268,-9.9375
20.84,3259.1,34.169,-9.9302
20.85,3259.5,34.069,-9.9232
20.86,3259.8,33.97,-9.9261
20.87,3260.1,33.871,-9.9291
20.88,3260.5,33.772,-9.932
20.89,3260.8,33.672,-9.9348
20.9,3261.2,33.573,-9.9375
20.91,3261.5,33.473,-9.9339
20.92,3261.8,33.374,-9.9303
20.93,3262.2,33.275,-9.9268
20.94,3262.5,33.176,-9.9232
20.95,3262.8,33.076,-9.9198
20.96,3263.2,32.977,-9.9238
20.97,3263.5,32.878,-9.9276
20.98,3263.8,32.779,-9.9315
20.99,3264.1,32.679,-9.9352
21,3264.5,32.58,-9.9386
21.01,3264.8,32.481,-9.9316
21.02,3265.1,32.381,-9.9246
21.03,3265.4,32.282,-9.9175
21.04,3265.8,32.183,-9.9104
21.05,3266.1,32.084,-9.9035
21.06,3266.4,31.985,-9.9062
21.07,3266.7,31.886,-9.9088
21.08,3267,31.787,-9.9114
21.09,3267.4,31.688,-9.9139
21.1,3267.7,31.588,-9.9165
21.11,3268,31.489,-9.9209
21.12,3268.3,31.39,-9.9253
21.13,3268.6,31.291,-9.9295
21.14,3268.9,31.191,-9.9337
21.15,3269.2,31.092,-9.9376
21.16,3269.6,30.993,-9.9358
21.17,3269.9,30.893,-9.934
21.18,3270.2,30.794,-9.9321
21.19,3270.5,30.695,-9.9303
21.2,3270.8,30.595,-9.9282
21.21,3271.1,30.496,-9.9166
21.22,3271.4,30.397,-9.9047
21.23,3271.7,30.298,-9.8927
21.24,3272,30.199,-9.8804
21.25,3272.3,30.1,-9.8681
21.26,3272.6,30.002,-9.865
21.27,3272.9,29.903,-9.8618
21.28,3273.2,29.805,-9.8587
21.29,3273.5,29.706,-9.8556
21.3,3273.8,29.607,-9.8521
21.31,3274.1,29.509,-9.8368
21.32,3274.4,29.411,-9.8212
21.33,3274.7,29.313,-9.8052
21.34,3275,29.215,-9.7889
21.35,3275.3,29.117,-9.7724
21.36,3275.6,29.019,-9.7649
21.37,3275.8,28.921,-9.7574
21.38,3276.1,28.824,-9.7497
21.39,3276.4,28.726,-9.7421
21.4,3276.7,28.629,-9.7346
21.41,3277,28.532,-9.7351
21.42,3277.3,28.434,-9.7357
21.43,3277.6,28.337,-9.7362
21.44,3277.8,28.24,-9.7368
21.45,3278.1,28.142,-9.7371
21.46,3278.4,28.045,-9.7306
21.47,3278.7,27.948,-9.7241
21.48,3279,27.85,-9.7176
21.49,3279.2,27.753,-9.711
21.5,3279.5,27.656,-9.7047
21.51,3279.8,27.559,-9.7111
21.52,3280.1,27.462,-9.7174
21.53,3280.3,27.365,-9.7237
21.54,3280.6,27.268,-9.7298
21.55,3280.9,27.17,-9.7358
21.56,3281.2,27.073,-9.7417
21.57,3281.4,26.975,-9.7476
21.58,3281.7,26.878,-9.7534
21.59,3282,26.78,-9.759
21.6,3282.2,26.683,-9.7647
21.61,3282.5,26.585,-9.7734
21.62,3282.8,26.487,-9.7819
21.63,3283,26.389,-9.7902
21.64,3283.3,26.291,-9.7983
21.65,3283.6,26.193,-9.806
21.66,3283.8,26.095,-9.8038
21.67,3284.1,25.997,-9.8016
21.68,3284.3,25.899,-9.7994
21.69,3284.6,25.801,-9.7973
21.7,3284.9,25.703,-9.7952
21.71,3285.1,25.605,-9.7971
21.72,3285.4,25.507,-9.7991
21.73,3285.6,25.409,-9.801
21.74,3285.9,25.311,-9.8028
21.75,3286.1,25.213,-9.8045
21.76,3286.4,25.115,-9.7984
21.77,3286.6,25.017,-9.7924
21.78,3286.9,24.92,-9.7862
21.79,3287.1,24.822,-9.7801
21.8,3287.4,24.724,-9.774
21.81,3287.6,24.626,-9.7731
21.82,3287.9,24.528,-9.7721
21.83,3288.1,24.431,-9.7712
21.84,3288.4,24.333,-9.7703
21.85,3288.6,24.235,-9.7692
21.86,3288.8,24.138,-9.7632
21.87,3289.1,24.04,-9.7572
21.88,3289.3,23.943,-9.7511
21.89,3289.6,23.845,-9.745
21.9,3289.8,23.748,-9.7389
21.91,3290,23.65,-9.7339
21.92,3290.3,23.553,-9.7288
21.93,3290.5,23.456,-9.7237
21.94,3290.7,23.359,-9.7186
21.95,3291,23.261,-9.7136
21.96,3291.2,23.164,-9.7135
21.97,3291.4,23.067,-9.7133
21.98,3291.7,22.97,-9.7132
21.99,3291.9,22.873,-9.713
22,3292.1,22.776,-9.7126
22.01,3292.4,22.679,-9.7027
22.02,3292.6,22.582,-9.6926
22.03,3292.8,22.485,-9.6825
22.04,3293,22.388,-9.6722
22.05,3293.3,22.291,-9.6621
22.06,3293.5,22.195,-9.662
22.07,3293.7,22.098,-9.6618
22.08,3293.9,22.001,-9.6617
22.09,3294.1,21.905,-9.6615
22.1,3294.4,21.808,-9.6612
22.11,3294.6,21.712,-9.6532
22.12,3294.8,21.615,-9.6451
22.13,3295,21.519,-9.637
22.14,3295.2,21.422,-9.6288
22.15,3295.4,21.326,-9.6205
22.16,3295.6,21.23,-9.6114
22.17,3295.9,21.134,-9.6022
22.18,3296.1,21.038,-9.5929
22.19,3296.3,20.942,-9.5836
22.2,3296.5,20.846,-9.5745
22.21,3296.7,20.751,-9.5816
22.22,3296.9,20.655,-9.5885
22.23,3297.1,20.559,-9.5954
22.24,3297.3,20.463,-9.6021
22.25,3297.5,20.367,-9.6084
22.26,3297.7,20.271,-9.6058
22.27,3297.9,20.175,-9.6032
22.28,3298.1,20.079,-9.6006
22.29,3298.3,19.983,-9.598
22.3,3298.5,19.887,-9.5952
22.31,3298.7,19.791,-9.5858
22.32,3298.9,19.695,-9.5764
22.33,3299.1,19.599,-9.5668
22.34,3299.3,19.504,-9.5572
22.35,3299.5,19.408,-9.5479
22.36,3299.7,19.313,-9.5536
22.37,3299.9,19.217,-9.5592
22.38,3300.1,19.121,-9.5647
22.39,3300.3,19.026,-9.5702
22.4,3300.5,18.93,-9.5753
22.41,3300.7,18.834,-9.5727
22.42,3300.8,18.738,-9.5701
22.43,3301,18.643,-9.5674
22.44,3301.2,18.547,-9.5648
22.45,3301.4,18.451,-9.5623
22.46,3301.6,18.356,-9.5695
22.47,3301.8,18.26,-9.5765
22.48,3301.9,18.164,-9.5833
22.49,3302.1,18.068,-9.5901
22.5,3302.3,17.973,-9.5968
22.51,3302.5,17.876,-9.6056
22.52,3302.7,17.78,-9.6142
22.53,3302.8,17.684,-9.6226
22.54,3303,17.588,-9.6308
22.55,3303.2,17.492,-9.6386
22.56,3303.4,17.395,-9.6394
22.57,3303.5,17.299,-9.6401
22.58,3303.7,17.202,-9.6407
22.59,3303.9,17.106,-9.6414
22.6,3304.1,17.01,-9.6418
22.61,3304.2,16.913,-9.6368
22.62,3304.4,16.817,-9.6317
22.63,3304.6,16.721,-9.6266
22.64,3304.7,16.624,-9.6214
22.65,3304.9,16.528,-9.6166
22.66,3305.1,16.432,-9.6246
22.67,3305.2,16.336,-9.6325
22.68,3305.4,16.239,-9.6401
22.69,3305.6,16.143,-9.6476
22.7,3305.7,16.046,-9.6545
22.71,3305.9,15.95,-9.648
22.72,3306,15.853,-9.6415
22.73,3306.2,15.757,-9.6349
22.74,3306.3,15.661,-9.6282
22.75,3306.5,15.564,-9.6214
22.76,3306.7,15.468,-9.6105
22.77,3306.8,15.372,-9.5993
22.78,3307,15.276,-9.588
22.79,3307.1,15.18,-9.5766
22.8,3307.3,15.085,-9.5649
22.81,3307.4,14.989,-9.5492
22.82,3307.6,14.894,-9.5332
22.83,3307.7,14.799,-9.5168
22.84,3307.9,14.703,-9.5002
22.85,3308,14.608,-9.4837
22.86,3308.2,14.514,-9.4829
22.87,3308.3,14.419,-9.4821
22.88,3308.4,14.324,-9.4813
22.89,3308.6,14.229,-9.4805
22.9,3308.7,14.134,-9.4793
22.91,3308.9,14.04,-9.4682
22.92,3309,13.945,-9.4569
22.93,3309.1,13.851,-9.4456
22.94,3309.3,13.756,-9.4341
22.95,3309.4,13.662,-9.4227
22.96,3309.6,13.568,-9.4213
22.97,3309.7,13.473,-9.42
22.98,3309.8,13.379,-9.4186
22.99,3310,13.285,-9.4171
23,3310.1,13.191,-9.4154
23.01,3310.2,13.097,-9.4016
23.02,3310.4,13.003,-9.3877
23.03,3310.5,12.909,-9.3737
23.04,3310.6,12.815,-9.3594
23.05,3310.7,12.722,-9.3454
23.06,3310.9,12.628,-9.3448
23.07,3311,12.535,-9.3442
23.08,3311.1,12.442,-9.3435
23.09,3311.2,12.348,-9.3428
23.1,3311.4,12.255,-9.342
23.11,3311.5,12.161,-9.3339
23.12,3311.6,12.068,-9.3257
23.13,3311.7,11.975,-9.3175
23.14,3311.9,11.882,-9.3093
23.15,3312,11.789,-9.3005
23.16,3312.1,11.696,-9.2731
23.17,3312.2,11.603,-9.2451
23.18,3312.3,11.511,-9.2166
23.19,3312.4,11.419,-9.1875
23.2,3312.5,11.327,-9.1585
23.21,3312.7,11.236,-9.1567
23.22,3312.8,11.144,-9.1549
23.23,3312.9,11.052,-9.153
23.24,3313,10.961,-9.1511
23.25,3313.1,10.869,-9.149
23.26,3313.2,10.778,-9.1401
23.27,3313.3,10.687,-9.1312
23.28,3313.4,10.595,-9.1223
23.29,3313.5,10.504,-9.1133
23.3,3313.6,10.413,-9.1044
23.31,3313.7,10.322,-9.1029
23.32,3313.8,10.231,-9.1014
23.33,3313.9,10.14,-9.0999
23.34,3314,10.049,-9.0983
23.35,3314.1,9.958,-9.097
23.36,3314.2,9.867,-9.1101
23.37,3314.3,9.7758,-9.1229
23.38,3314.4,9.6845,-9.1355
23.39,3314.5,9.5931,-9.1478
23.4,3314.6,9.5016,-9.1591
23.41,3314.7,9.4101,-9.1382
23.42,3314.8,9.3188,-9.1171
23.43,3314.9,9.2277,-9.0957
23.44,3315,9.1369,-9.074
23.45,3315.1,9.0463,-9.0531
23.46,3315.2,8.9556,-9.0725
23.47,3315.3,8.8648,-9.0915
23.48,3315.4,8.7738,-9.1101
23.49,3315.4,8.6826,-9.1283
23.5,3315.5,8.5912,-9.1453
23.51,3315.6,8.4999,-9.1305
23.52,3315.7,8.4086,-9.1155
23.53,3315.8,8.3176,-9.1004
23.54,3315.9,8.2266,-9.0851
23.55,3316,8.1359,-9.0705
23.56,3316,8.0451,-9.0822
23.57,3316.1,7.9542,-9.0937
23.58,3316.2,7.8632,-9.105
23.59,3316.3,7.7721,-9.116
23.6,3316.3,7.6809,-9.1261
23.61,3316.4,7.5897,-9.1052
23.62,3316.5,7.4988,-9.0839
23.63,3316.6,7.4081,-9.0625
23.64,3316.6,7.3175,-9.0407
23.65,3316.7,7.2272,-9.0189
23.66,3316.8,7.1371,-9.003
23.67,3316.9,7.0472,-8.987
23.68,3316.9,6.9574,-8.9708
23.69,3317,6.8678,-8.9545
23.7,3317.1,6.7783,-8.9385
23.71,3317.1,6.6889,-8.9388
23.72,3317.2,6.5995,-8.939
23.73,3317.3,6.5101,-8.9392
23.74,3317.3,6.4207,-8.9393
23.75,3317.4,6.3314,-8.9393
23.76,3317.5,6.242,-8.9401
23.77,3317.5,6.1526,-8.9407
23.78,3317.6,6.0631,-8.9413
23.79,3317.6,5.9737,-8.9419
23.8,3317.7,5.8843,-8.9424
23.81,3317.8,5.7949,-8.9467
23.82,3317.8,5.7054,-8.951
23.83,3317.9,5.6158,-8.9551
23.84,3317.9,5.5263,-8.9591
23.85,3318,5.4367,-8.9627
23.86,3318,5.3471,-8.9562
23.87,3318.1,5.2575,-8.9497
23.88,3318.1,5.1681,-8.9431
23.89,3318.2,5.0787,-8.9364
23.9,3318.2,4.9893,-8.9299
23.91,3318.3,4.9001,-8.9281
23.92,3318.3,4.8108,-8.9263
23.93,3318.4,4.7215,-8.9245
23.94,3318.4,4.6323,-8.9226
23.95,3318.5,4.5431,-8.9206
23.96,3318.5,4.4539,-8.919
23.97,3318.6,4.3647,-8.9172
23.98,3318.6,4.2755,-8.9154
23.99,3318.7,4.1864,-8.9136
24,3318.7,4.0973,-8.911
24.01,3318.7,4.0083,-8.8837
24.02,3318.8,3.9196,-8.8559
24.03,3318.8,3.8312,-8.8279
24.04,3318.9,3.743,-8.8005
24.05,3318.9,3.6552,-8.7757
24.06,3318.9,3.5674,-8.7723
24.07,3319,3.4797,-8.7688
24.08,3319,3.392,-8.7653
24.09,3319,3.3044,-8.7616
24.1,3319.1,3.2168,-8.7579
24.11,3319.1,3.1293,-8.7527
24.12,3319.1,3.0418,-8.7475
24.13,3319.2,2.9543,-8.7422
24.14,3319.2,2.8669,-8.7368
24.15,3319.2,2.7796,-8.731
24.16,3319.2,2.6923,-8.7137
24.17,3319.3,2.6053,-8.6962
24.18,3319.3,2.5184,-8.6786
24.19,3319.3,2.4317,-8.6609
24.2,3319.3,2.3452,-8.6435
24.21,3319.4,2.2587,-8.6487
24.22,3319.4,2.1722,-8.6538
24.23,3319.4,2.0857,-8.6588
24.24,3319.4,1.9991,-8.6636
24.25,3319.5,1.9124,-8.6678
24.26,3319.5,1.8258,-8.6541
24.27,3319.5,1.7393,-8.6402
24.28,3319.5,1.653,-8.6262
24.29,3319.5,1.5668,-8.6121
24.3,3319.5,1.4807,-8.5975
24.31,3319.6,1.3949,-8.5717
24.32,3319.6,1.3093,-8.5455
24.33,3319.6,1.224,-8.5191
24.34,3319.6,1.1389,-8.4924
24.35,3319.6,1.0541,-8.4654
24.36,3319.6,0.96963,-8.4354
24.37,3319.6,0.88543,-8.405
24.38,3319.6,0.80153,-8.3743
24.39,3319.6,0.71795,-8.3433
24.4,3319.6,0.63467,-8.3128
24.41,3319.6,0.55152,-8.3164
24.42,3319.7,0.46834,-8.32
24.43,3319.7,0.38512,-8.3233
24.44,3319.7,0.30187,-8.3265
24.45,3319.7,0.21859,-8.3287
24.46,3319.7,0.13545,-8.2992
24.47,3319.7,0.052611,-8.2694
24.48,3319.7,-0.029932,-8.2392
24.49,3319.7,-0.11217,-8.2088
24.5,3319.7,-0.19411,-8.1781
24.51,3319.7,-0.27576,-8.1532
24.52,3319.7,-0.35717,-8.1281
24.53,3319.7,-0.43832,-8.1027
24.579,3319.6,-0.9115,-9.7175
24.627,3319.6,-1.3752,-9.647
24.676,3319.5,-1.8406,-9.5805
24.725,3319.4,-2.309,-9.5189
24.775,3319.3,-2.7782,-9.4548
24.825,3319.1,-3.2476,-9.3894
24.875,3318.9,-3.719,-9.3319
24.926,3318.7,-4.1919,-9.2746
24.978,3318.5,-4.6658,-9.2165
25.029,3318.3,-5.1396,-9.1522
25.081,3318,-5.6136,-9.0903
25.134,3317.7,-6.0887,-9.0347
25.187,3317.3,-6.5641,-8.9754
25.24,3317,-7.038,-8.8989
25.294,3316.6,-7.5096,-8.8155
25.348,3316.2,-7.9844,-8.7802
25.402,3315.7,-8.4577,-8.7013
25.457,3315.2,-8.9305,-8.6317
25.512,3314.7,-9.405,-8.5851
25.568,3314.2,-9.8785,-8.5092
25.624,3313.6,-10.348,-8.4012
25.68,3313,-10.817,-8.3266
25.737,3312.4,-11.288,-8.2809
25.794,3311.7,-11.757,-8.1886
25.852,3311,-12.225,-8.1076
25.91,3310.3,-12.696,-8.0802
25.969,3309.6,-13.167,-8.009
26.028,3308.8,-13.638,-7.9369
26.088,3307.9,-14.111,-7.8899
26.149,3307.1,-14.582,-7.7891
26.21,3306.2,-15.054,-7.7339
26.271,3305.2,-15.526,-7.6552
26.334,3304.2,-15.996,-7.5619
26.397,3303.2,-16.469,-7.5206
26.46,3302.2,-16.937,-7.379
26.524,3301.1,-17.406,-7.2966
26.589,3299.9,-17.87,-7.1622
26.655,3298.7,-18.333,-7.0712
26.721,3297.5,-18.797,-6.9932
26.788,3296.2,-19.263,-6.9438
26.856,3294.9,-19.729,-6.855
26.925,3293.5,-20.193,-6.743
26.994,3292.1,-20.654,-6.6196
27.065,3290.6,-21.119,-6.5707
27.137,3289.1,-21.579,-6.4329
27.209,3287.5,-22.032,-6.2493
27.283,3285.9,-22.483,-6.1377
27.357,3284.2,-22.938,-6.093
27.433,3282.4,-23.392,-5.9806
27.51,3280.6,-23.842,-5.8514
27.588,3278.7,-24.288,-5.7111
27.668,3276.8,-24.729,-5.5649
27.748,3274.8,-25.168,-5.4458
27.831,3272.7,-25.614,-5.4087
27.914,3270.5,-26.055,-5.2634
28,3268.3,-26.497,-5.173
28.087,3265.9,-26.933,-5.0096
28.176,3263.5,-27.367,-4.8892
28.266,3261,-27.803,-4.7986
28.36,3258.4,-28.242,-4.7112
28.455,3255.7,-28.682,-4.6043
28.554,3252.8,-29.129,-4.5281
28.654,3249.9,-29.56,-4.31
28.756,3246.9,-29.985,-4.1469
28.86,3243.7,-30.398,-3.9689
28.967,3240.4,-30.809,-3.8441
29.078,3237,-31.222,-3.7338
29.193,3233.4,-31.64,-3.6426
29.312,3229.6,-32.063,-3.5418
29.436,3225.6,-32.481,-3.3893
29.563,3221.5,-32.894,-3.2385
29.693,3217.1,-33.292,-3.054
29.83,3212.6,-33.694,-2.9412
29.975,3207.6,-34.107,-2.8467
30.127,3202.4,-34.518,-2.698
30.287,3196.9,-34.924,-2.5436
30.461,3190.8,-35.348,-2.44
30.644,3184.3,-35.763,-2.2659
30.833,3177.5,-36.153,-2.0621
31.025,3170.5,-36.51,-1.862
31.216,3163.5,-36.83,-1.6672
31.413,3156.2,-37.129,-1.5207
31.621,3148.4,-37.421,-1.4058
31.854,3139.7,-37.73,-1.3244
32.133,3129.1,-38.078,-1.2488
32.466,3116.4,-38.451,-1.1205
32.78,3104.3,-38.734,-0.90173
33.199,3088,-39.075,-0.81436
33.699,3068.3,-39.405,-0.65939
34.199,3048.6,-39.652,-0.49291
34.699,3028.7,-39.826,-0.34844
35.199,3008.8,-39.948,-0.24398
35.699,2988.8,-40.027,-0.15863
36.199,2968.7,-40.092,-0.13047
36.699,2948.7,-40.133,-0.081157
37.199,2928.6,-40.156,-0.047255
37.699,2908.5,-40.163,-0.013903
38.199,2888.4,-40.159,0.0096951
38.699,2868.4,-40.142,0.033183
39.199,2848.3,-40.117,0.049491
39.672,2829.3,-40.068,0.10357
40.172,2809.3,-40.034,0.067487
40.672,2789.3,-39.993,0.083575
41.172,2769.3,-39.963,0.058879
41.672,2749.3,-39.937,0.053014
42.172,2729.4,-39.907,0.059383
42.672,2709.4,-39.871,0.071684
43.172,2689.5,-39.836,0.071346
43.672,2669.6,-39.801,0.069265
44.172,2649.7,-39.765,0.072014
44.672,2629.8,-39.728,0.073639
45.172,2610,-39.691,0.075004
45.672,2590.1,-39.65,0.08056
46.172,2570.3,-39.612,0.077158
46.672,2550.5,-39.57,0.082954
47.172,2530.7,-39.533,0.074372
47.672,2511,-39.495,0.075753
48.172,2491.3,-39.457,0.075401
48.672,2471.5,-39.419,0.076235
49.172,2451.8,-39.38,0.07768
49.672,2432.2,-39.341,0.078339
50.172,2412.5,-39.302,0.078792
50.672,2392.9,-39.258,0.088175
51.172,2373.2,-39.219,0.077512
51.672,2353.6,-39.179,0.079283
52.172,2334.1,-39.138,0.082029
52.672,2314.5,-39.098,0.080233
53.172,2295,-39.06,0.075776
53.672,2275.4,-39.022,0.076112
54.172,2255.9,-38.984,0.076405
54.672,2236.4,-38.946,0.076575
55.172,2217,-38.906,0.079118
55.672,2197.5,-38.868,0.075821
56.172,2178.1,-38.83,0.075999
56.672,2158.7,-38.781,0.098068
57.172,2139.3,-38.747,0.069721
57.672,2120,-38.711,0.071275
58.172,2100.6,-38.673,0.075464
58.672,2081.3,-38.637,0.07203
59.172,2062,-38.599,0.075681
59.672,2042.7,-38.564,0.071394
60.172,2023.4,-38.524,0.078482
60.672,2004.2,-38.489,0.070343
61.172,1984.9,-38.449,0.079581
61.672,1965.7,-38.415,0.069464
62.172,1946.5,-38.377,0.075839
62.672,1927.3,-38.341,0.071241
63.172,1908.2,-38.302,0.078634
63.672,1889,-38.266,0.071764
64.172,1869.9,-38.224,0.083478
64.672,1850.8,-38.188,0.071513
65.172,1831.7,-38.153,0.070583
65.672,1812.7,-38.118,0.070681
66.172,1793.6,-38.079,0.077508
66.672,1774.6,-38.038,0.082314
67.172,1755.6,-38.003,0.068894
67.672,1736.6,-37.958,0.090789
68.172,1717.6,-37.926,0.063651
68.672,1698.7,-37.886,0.080482
69.172,1679.7,-37.854,0.063837
69.672,1660.8,-37.821,0.066942
70.172,1641.9,-37.784,0.072649
70.672,1623,-37.75,0.069249
71.172,1604.2,-37.712,0.075037
71.672,1585.3,-37.679,0.066606
72.172,1566.5,-37.645,0.067698
72.672,1547.7,-37.612,0.0655
73.172,1528.9,-37.579,0.065646
73.672,1510.1,-37.543,0.072804
74.172,1491.3,-37.51,0.065858
74.672,1472.6,-37.477,0.066062
75.172,1453.8,-37.443,0.067838
75.672,1435.1,-37.407,0.072883
76.172,1416.4,-37.372,0.068757
76.672,1397.8,-37.338,0.068509
77.172,1379.1,-37.302,0.072429
77.672,1360.5,-37.268,0.068381
78.172,1341.8,-37.233,0.070225
78.672,1323.2,-37.198,0.068445
79.172,1304.6,-37.16,0.075981
79.672,1286.1,-37.127,0.067147
80.172,1267.5,-37.088,0.076777
80.672,1249,-37.056,0.064816
81.172,1230.5,-37.021,0.070449
81.672,1211.9,-36.985,0.070698
82.172,1193.5,-36.953,0.064166
82.672,1175,-36.92,0.066452
83.172,1156.5,-36.883,0.073703
83.672,1138.1,-36.851,0.064179
84.172,1119.7,-36.817,0.068365
84.672,1101.3,-36.786,0.062686
85.172,1082.9,-36.753,0.064747
85.672,1064.5,-36.722,0.06294
86.172,1046.2,-36.69,0.0633
86.672,1027.9,-36.656,0.068446
87.172,1009.5,-36.624,0.062836
87.672,991.23,-36.59,0.068032
88.172,972.94,-36.559,0.062308
88.672,954.67,-36.527,0.063694
89.172,936.41,-36.495,0.065718
89.672,918.17,-36.462,0.064604
90.172,899.95,-36.43,0.065214
90.672,881.74,-36.396,0.068075
91.172,863.55,-36.363,0.064734
91.672,845.38,-36.331,0.064928
92.172,827.22,-36.298,0.065016
92.672,809.08,-36.266,0.065461
93.172,790.96,-36.233,0.065136
93.672,772.85,-36.195,0.075141
94.172,754.76,-36.163,0.063955
94.672,736.69,-36.124,0.078099
95.172,718.64,-36.089,0.070925
95.672,700.6,-36.061,0.055599
96.172,682.58,-36.031,0.059524
96.672,664.57,-36.002,0.059683
97.172,646.57,-35.97,0.063042
97.672,628.6,-35.94,0.059084
98.172,610.63,-35.91,0.060035
98.672,592.69,-35.88,0.060169
99.172,574.75,-35.847,0.066525
99.672,556.84,-35.814,0.066137
100.17,538.94,-35.778,0.072696
100.67,521.06,-35.745,0.065165
101.17,503.19,-35.717,0.056401
101.67,485.34,-35.69,0.053859
102.17,467.51,-35.662,0.056695
102.67,449.68,-35.632,0.059178
103.17,431.87,-35.602,0.059816
103.67,414.08,-35.571,0.061529
104.17,396.3,-35.541,0.060224
104.67,378.54,-35.511,0.061059
105.17,360.79,-35.479,0.063881
105.67,343.06,-35.44,0.076761
106.17,325.35,-35.412,0.056228
106.67,307.65,-35.381,0.062166
107.17,289.97,-35.348,0.06589
107.67,272.3,-35.317,0.062044
108.17,254.65,-35.289,0.055788
108.67,237.01,-35.255,0.068006
109.17,219.39,-35.228,0.055086
109.67,201.79,-35.199,0.057892
110.17,184.19,-35.17,0.057435
110.67,166.62,-35.14,0.060511
111.17,149.05,-35.111,0.056999
111.67,131.5,-35.083,0.056588
112.17,113.97,-35.054,0.057674
112.67,96.451,-35.025,0.057969
113.17,78.945,-34.997,0.05693
113.67,61.454,-34.968,0.056987
114.17,43.978,-34.936,0.063945
114.67,26.517,-34.905,0.062506
115.17,9.0716,-34.878,0.053593
115.67,-8.3607,-34.851,0.054737
